<?xml version="1.0" encoding="utf-8"?>
<COLLADA version="1.4.0" xmlns="http://www.collada.org/2005/11/COLLADASchema">
	<asset>
		<contributor>
			<author> SimLab Soft http://www.simLab-soft.com </author>
			<authoring_tool>SimLab Collada Exporter for Fusion 360</authoring_tool>
		</contributor>
		<created>2026-02-24T13:59:06</created>
		<modified>2026-02-24T13:59:06</modified>
		<unit meter="1.000000000000000" name="Meter"/>
		<up_axis>Z_UP</up_axis>
	</asset>
	<library_visual_scenes>
		<visual_scene id="Scene" name="Scene">
			<node>
				<matrix> 1 0 0 0 0 1 0 0 0 0 1 0 0 0 0 1 </matrix>
				<node  id="ID0" name="Camera-2">
					<matrix> 1 0 0 0 0 0 -1 -322.99 0 1 0 0.035 0 0 0 1 </matrix>
					<instance_camera url="#ID1" />
				</node>
				<node  id="ID2" name="HANGAR_v3">
					<matrix> 0.01 0 0 0 0 0 -0.01 0 0 0.01 0 0 0 0 0 1 </matrix>
					<node  id="ID3" name="Corpo1">
						<matrix> 1 0 0 0 0 1 0 0 0 0 1 0 0 0 0 1 </matrix>
						<node  id="ID4" name="Corpo1_Revestimento_(Azul)">
							<matrix> 1 0 0 0 0 1 0 0 0 0 1 0 0 0 0 1 </matrix>
							<instance_geometry url="#ID5">
								<bind_material>
									<technique_common>
										<instance_material symbol="Revestimento_(Azul)" target="#ID6">
											<bind_vertex_input semantic="UVSET0" input_semantic="TEXCOORD" input_set="0" />
										</instance_material>
									</technique_common>
								</bind_material>
							</instance_geometry>
						</node>
						<node  id="ID7" name="Corpo1_A&#xE7;o_-_Acetinado">
							<matrix> 1 0 0 0 0 1 0 0 0 0 1 0 0 0 0 1 </matrix>
							<instance_geometry url="#ID8">
								<bind_material>
									<technique_common>
										<instance_material symbol="A&#xE7;o_-_Acetinado" target="#ID9">
											<bind_vertex_input semantic="UVSET0" input_semantic="TEXCOORD" input_set="0" />
										</instance_material>
									</technique_common>
								</bind_material>
							</instance_geometry>
						</node>
						<node  id="ID10" name="Corpo1_Revestimento_-_Bruto_(Branco)">
							<matrix> 1 0 0 0 0 1 0 0 0 0 1 0 0 0 0 1 </matrix>
							<instance_geometry url="#ID11">
								<bind_material>
									<technique_common>
										<instance_material symbol="Revestimento_-_Bruto_(Branco)" target="#ID12">
											<bind_vertex_input semantic="UVSET0" input_semantic="TEXCOORD" input_set="0" />
										</instance_material>
									</technique_common>
								</bind_material>
							</instance_geometry>
						</node>
						<node  id="ID13" name="Corpo1_Bambu_escuro_-_Semibrilhante">
							<matrix> 1 0 0 0 0 1 0 0 0 0 1 0 0 0 0 1 </matrix>
							<instance_geometry url="#ID14">
								<bind_material>
									<technique_common>
										<instance_material symbol="Bambu_escuro_-_Semibrilhante" target="#ID15">
											<bind_vertex_input semantic="UVSET0" input_semantic="TEXCOORD" input_set="0" />
										</instance_material>
									</technique_common>
								</bind_material>
							</instance_geometry>
						</node>
						<node  id="ID16" name="Corpo1_Pintura_-_Metalizada_(Vermelho)">
							<matrix> 1 0 0 0 0 1 0 0 0 0 1 0 0 0 0 1 </matrix>
							<instance_geometry url="#ID17">
								<bind_material>
									<technique_common>
										<instance_material symbol="Pintura_-_Metalizada_(Vermelho)" target="#ID18">
											<bind_vertex_input semantic="UVSET0" input_semantic="TEXCOORD" input_set="0" />
										</instance_material>
									</technique_common>
								</bind_material>
							</instance_geometry>
						</node>
						<node  id="ID19" name="Corpo1_A&#xE7;o_inoxid&#xE1;vel_-_Escovado_linear_longo">
							<matrix> 1 0 0 0 0 1 0 0 0 0 1 0 0 0 0 1 </matrix>
							<instance_geometry url="#ID20">
								<bind_material>
									<technique_common>
										<instance_material symbol="A&#xE7;o_inoxid&#xE1;vel_-_Escovado_linear_longo" target="#ID21">
											<bind_vertex_input semantic="UVSET0" input_semantic="TEXCOORD" input_set="0" />
										</instance_material>
									</technique_common>
								</bind_material>
							</instance_geometry>
						</node>
					</node>
				</node>
			</node>
		</visual_scene>
	</library_visual_scenes>
	<library_cameras>
		<camera id="ID1" name="Camera-2">
			<optics>
				<technique_common>
					<perspective>
						<yfov>45</yfov>
						<aspect_ratio>1.33333</aspect_ratio>
						<znear>3.41364</znear>
						<zfar>34136.4</zfar>
					</perspective>
				</technique_common>
			</optics>
			<extra>
				<technique profile="common">
					<camera_target type="float">0 -2.75 0.035</camera_target>
				</technique>
			</extra>
		</camera >
	</library_cameras>
	<library_geometries>
		<geometry id="ID5" name="geo_0">
			<mesh>
				<source id="geo_0-Position">
					<float_array count="1572" id="geo_0-Position-array">4000 -1470.87 1395.51 2438.29 -2000 1250 4000 -1700 1332.5 2443.29 -2000 1250 2623.96 -2000 1250 4003 -1470.87 1395.51 4003 -1465.87 1396.89 4000 -1465.87 1396.89 1881.28 -2000 1250 1700.61 -2000 1250 1695.61 -2000 1250 1695.61 -2003 1249.18 1514.94 -2000 1250 4000 -1285.2 1446.57 1509.94 -2000 1250 1329.27 -2000 1250 1324.27 -2000 1250 1324.27 -2003 1249.18 4003 -1285.2 1446.57 4003 -1280.2 1447.94 4000 -1280.2 1447.94 1138.59 -2000 1250 957.924 -2000 1250 952.924 -2000 1250 952.924 -2003 1249.18 772.253 -2000 1250 4000 -1099.53 1497.63 767.253 -2000 1250 586.582 -2000 1250 581.582 -2000 1250 581.582 -2003 1249.18 4003 -1099.53 1497.63 4003 -1094.53 1499 4000 -1094.53 1499 395.911 -2000 1250 215.241 -2000 1250 210.241 -2000 1250 210.241 -2003 1249.18 29.5697 -2000 1250 4000 -913.86 1548.69 24.5697 -2000 1250 -4000 -1011.46 1521.85 -156.101 -2000 1250 -161.101 -2000 1250 -161.101 -2003 1249.18 4003 -913.86 1548.69 4003 -908.86 1550.06 4000 -908.86 1550.06 -4000 -830.785 1571.53 -4000 -825.785 1572.91 -4003 -830.785 1571.53 -4003 -825.785 1572.91 4000 -728.189 1599.75 -4000 -645.114 1622.59 4000 -723.189 1601.12 -4000 -640.114 1623.97 4000 -542.518 1650.81 -4000 -459.443 1673.65 4000 -537.518 1652.18 -4000 -454.443 1675.03 4000 -356.848 1701.87 -4000 -273.772 1724.71 4000 -351.848 1703.24 -4000 -268.772 1726.09 4000 -171.177 1752.93 -4000 -88.1015 1775.77 4000 -166.177 1754.3 -4000 -83.1015 1777.15 4000 0 1800 -4000 0 1800 4003 -728.189 1599.75 4003 -723.189 1601.12 4003 -542.518 1650.81 4003 -537.518 1652.18 4003 -356.848 1701.87 4003 -351.848 1703.24 4003 -171.177 1752.93 4003 -166.177 1754.3 -4003 -83.1015 1777.15 -4003 -88.1015 1775.77 -4003 -268.772 1726.09 -4003 -273.772 1724.71 -4003 -454.443 1675.03 -4003 -459.443 1673.65 -4003 -640.114 1623.97 -4003 -645.114 1622.59 -4003 -1011.46 1521.85 -4003 -1016.46 1520.47 -4000 -1016.46 1520.47 -3874.52 -2000 1250 -4000 -1197.13 1470.79 -4000 -1202.13 1469.42 -4003 -1202.13 1469.42 -4003 -1197.13 1470.79 -4000 -1382.8 1419.73 -4000 -1387.8 1418.36 -4000 -1568.47 1368.67 -4003 -1382.8 1419.73 -4003 -1387.8 1418.36 -4003 -1568.47 1368.67 -4003 -1573.47 1367.3 -4000 -1573.47 1367.3 -4000 -1754.14 1317.61 -4000 -1759.14 1316.24 -4003 -1759.14 1316.24 -4003 -1754.14 1317.61 -4000 -1939.81 1266.55 -4000 -1944.81 1265.18 -4000 -2000 1250 -4003 -1939.81 1266.55 -4003 -1944.81 1265.18 -3869.52 -2000 1250 -3874.52 -2003 1249.18 -3869.52 -2003 1249.18 -3688.85 -2000 1250 -3683.85 -2000 1250 -3503.18 -2000 1250 -3688.85 -2003 1249.18 -3683.85 -2003 1249.18 -3498.18 -2000 1250 -3503.18 -2003 1249.18 -3498.18 -2003 1249.18 -3317.51 -2000 1250 -3312.51 -2000 1250 -3131.84 -2000 1250 -3317.51 -2003 1249.18 -3312.51 -2003 1249.18 -3126.84 -2000 1250 -3131.84 -2003 1249.18 -3126.84 -2003 1249.18 -2946.16 -2000 1250 -2941.16 -2000 1250 -2760.49 -2000 1250 -2946.16 -2003 1249.18 -2941.16 -2003 1249.18 -2755.49 -2000 1250 -2760.49 -2003 1249.18 -2755.49 -2003 1249.18 -2574.82 -2000 1250 -2569.82 -2000 1250 -2389.15 -2000 1250 -2574.82 -2003 1249.18 -2569.82 -2003 1249.18 -2384.15 -2000 1250 -2389.15 -2003 1249.18 -2384.15 -2003 1249.18 -2203.48 -2000 1250 -2198.48 -2000 1250 -2017.81 -2000 1250 -2203.48 -2003 1249.18 -2198.48 -2003 1249.18 -2012.81 -2000 1250 -2017.81 -2003 1249.18 -2012.81 -2003 1249.18 -1832.14 -2000 1250 -1827.14 -2000 1250 -1646.47 -2000 1250 -1832.14 -2003 1249.18 -1827.14 -2003 1249.18 -1641.47 -2000 1250 -1646.47 -2003 1249.18 -1641.47 -2003 1249.18 -1460.8 -2000 1250 -1455.8 -2000 1250 -1275.13 -2000 1250 -1460.8 -2003 1249.18 -1455.8 -2003 1249.18 -1270.13 -2000 1250 -1275.13 -2003 1249.18 -1270.13 -2003 1249.18 -1089.46 -2000 1250 -1084.46 -2000 1250 -903.785 -2000 1250 -1089.46 -2003 1249.18 -1084.46 -2003 1249.18 -898.785 -2000 1250 -903.785 -2003 1249.18 -898.785 -2003 1249.18 -718.114 -2000 1250 -713.114 -2000 1250 -532.443 -2000 1250 -718.114 -2003 1249.18 -713.114 -2003 1249.18 -527.443 -2000 1250 -532.443 -2003 1249.18 -527.443 -2003 1249.18 -346.772 -2000 1250 -341.772 -2000 1250 -346.772 -2003 1249.18 -341.772 -2003 1249.18 -156.101 -2003 1249.18 24.5697 -2003 1249.18 29.5697 -2003 1249.18 215.241 -2003 1249.18 400.911 -2000 1250 395.911 -2003 1249.18 400.911 -2003 1249.18 586.582 -2003 1249.18 767.253 -2003 1249.18 772.253 -2003 1249.18 957.924 -2003 1249.18 1143.59 -2000 1250 1138.59 -2003 1249.18 1143.59 -2003 1249.18 1329.27 -2003 1249.18 1509.94 -2003 1249.18 1514.94 -2003 1249.18 1700.61 -2003 1249.18 1886.28 -2000 1250 1881.28 -2003 1249.18 1886.28 -2003 1249.18 2066.95 -2000 1250 2071.95 -2000 1250 2252.62 -2000 1250 2066.95 -2003 1249.18 2071.95 -2003 1249.18 2257.62 -2000 1250 2252.62 -2003 1249.18 2257.62 -2003 1249.18 2438.29 -2003 1249.18 2443.29 -2003 1249.18 2628.96 -2000 1250 2623.96 -2003 1249.18 2628.96 -2003 1249.18 2809.63 -2000 1250 4000 -1705 1331.13 4003 -1700 1332.5 4003 -1705 1331.13 2814.63 -2000 1250 2809.63 -2003 1249.18 2814.63 -2003 1249.18 2995.3 -2000 1250 3000.3 -2000 1250 3180.97 -2000 1250 2995.3 -2003 1249.18 3000.3 -2003 1249.18 3185.97 -2000 1250 3180.97 -2003 1249.18 3185.97 -2003 1249.18 3366.65 -2000 1250 4000 -1885.67 1281.44 3371.65 -2000 1250 3552.32 -2000 1250 3366.65 -2003 1249.18 3371.65 -2003 1249.18 3552.32 -2003 1249.18 3557.32 -2000 1250 4000 -1890.67 1280.07 4003 -1885.67 1281.44 4003 -1890.67 1280.07 3557.32 -2003 1249.18 3737.99 -2000 1250 3742.99 -2000 1250 3923.66 -2000 1250 3737.99 -2003 1249.18 3742.99 -2003 1249.18 3928.66 -2000 1250 3923.66 -2003 1249.18 3928.66 -2003 1249.18 4000 -2000 1250 4000 0 1800 4000 14.4942 1796.01 -4000 0 1800 4000 19.4942 1794.63 -4000 97.5694 1773.12 -4000 102.569 1771.74 -4003 97.5694 1773.12 -4003 102.569 1771.74 4003 14.4942 1796.01 4003 19.4942 1794.63 4000 200.165 1744.85 -4000 283.24 1721.96 4000 205.165 1743.47 -4000 288.24 1720.58 4000 385.836 1693.69 -4000 468.911 1670.8 4000 390.836 1692.31 -4000 473.911 1669.42 4000 571.507 1642.53 -4000 654.582 1619.64 4000 576.507 1641.15 -4000 659.582 1618.26 4000 757.178 1591.37 -4000 840.253 1568.48 4000 762.178 1589.99 -4000 845.253 1567.1 4000 942.849 1540.21 -4000 1025.92 1517.32 4000 947.849 1538.83 39.0376 2000 1248.93 44.0376 2000 1248.93 44.0376 2003 1248.1 4003 200.165 1744.85 4003 205.165 1743.47 4003 385.836 1693.69 4003 390.836 1692.31 4003 571.507 1642.53 4003 576.507 1641.15 4003 757.178 1591.37 4003 762.178 1589.99 4003 942.849 1540.21 4003 947.849 1538.83 224.708 2000 1248.93 4000 1128.52 1489.05 229.708 2000 1248.93 410.379 2000 1248.93 415.379 2000 1248.93 415.379 2003 1248.1 4003 1128.52 1489.05 4003 1133.52 1487.67 4000 1133.52 1487.67 596.05 2000 1248.93 601.05 2000 1248.93 601.05 2003 1248.1 4000 1314.19 1437.89 967.392 2000 1248.93 786.721 2000 1248.93 781.721 2000 1248.93 786.721 2003 1248.1 781.721 2003 1248.1 4003 1314.19 1437.89 4003 1319.19 1436.51 4000 1319.19 1436.51 1338.73 2000 1248.93 1343.73 2000 1248.93 1343.73 2003 1248.1 4000 1499.86 1386.73 1710.08 2000 1248.93 1529.4 2000 1248.93 1524.4 2000 1248.93 1529.4 2003 1248.1 1524.4 2003 1248.1 4003 1499.86 1386.73 4003 1504.86 1385.36 4000 1504.86 1385.36 2081.42 2000 1248.93 2086.42 2000 1248.93 2086.42 2003 1248.1 4000 1685.53 1335.57 2452.76 2000 1248.93 2272.09 2000 1248.93 2267.09 2000 1248.93 2272.09 2003 1248.1 2267.09 2003 1248.1 4003 1685.53 1335.57 4003 1690.53 1334.2 4000 1690.53 1334.2 2824.1 2000 1248.93 2829.1 2000 1248.93 2829.1 2003 1248.1 4000 1871.2 1284.42 3200.44 2000 1248.93 3195.44 2000 1248.93 3014.77 2000 1248.93 4003 1871.2 1284.42 4003 1876.2 1283.04 4000 1876.2 1283.04 3566.78 2000 1248.93 3571.78 2000 1248.93 3571.78 2003 1248.1 4000 2000 1248.93 3943.13 2000 1248.93 3938.13 2000 1248.93 3757.46 2000 1248.93 3943.13 2003 1248.1 3938.13 2003 1248.1 3752.46 2000 1248.93 3757.46 2003 1248.1 3752.46 2003 1248.1 3566.78 2003 1248.1 3386.11 2000 1248.93 3381.11 2000 1248.93 3386.11 2003 1248.1 3381.11 2003 1248.1 3200.44 2003 1248.1 3195.44 2003 1248.1 3009.77 2000 1248.93 3014.77 2003 1248.1 3009.77 2003 1248.1 2824.1 2003 1248.1 2643.43 2000 1248.93 2638.43 2000 1248.93 2457.76 2000 1248.93 2643.43 2003 1248.1 2638.43 2003 1248.1 2457.76 2003 1248.1 2452.76 2003 1248.1 2081.42 2003 1248.1 1900.75 2000 1248.93 1895.75 2000 1248.93 1715.08 2000 1248.93 1900.75 2003 1248.1 1895.75 2003 1248.1 1715.08 2003 1248.1 1710.08 2003 1248.1 1338.73 2003 1248.1 1158.06 2000 1248.93 1153.06 2000 1248.93 972.392 2000 1248.93 1158.06 2003 1248.1 1153.06 2003 1248.1 972.392 2003 1248.1 967.392 2003 1248.1 596.05 2003 1248.1 410.379 2003 1248.1 229.708 2003 1248.1 224.708 2003 1248.1 39.0376 2003 1248.1 -141.633 2000 1248.93 -146.633 2000 1248.93 -327.304 2000 1248.93 -141.633 2003 1248.1 -146.633 2003 1248.1 -332.304 2000 1248.93 -327.304 2003 1248.1 -332.304 2003 1248.1 -512.975 2000 1248.93 -517.975 2000 1248.93 -698.646 2000 1248.93 -512.975 2003 1248.1 -517.975 2003 1248.1 -703.646 2000 1248.93 -698.646 2003 1248.1 -703.646 2003 1248.1 -884.317 2000 1248.93 -889.317 2000 1248.93 -1069.99 2000 1248.93 -884.317 2003 1248.1 -889.317 2003 1248.1 -1074.99 2000 1248.93 -1069.99 2003 1248.1 -1074.99 2003 1248.1 -1255.66 2000 1248.93 -1260.66 2000 1248.93 -1441.33 2000 1248.93 -1255.66 2003 1248.1 -1260.66 2003 1248.1 -1446.33 2000 1248.93 -1441.33 2003 1248.1 -1446.33 2003 1248.1 -1627 2000 1248.93 -1632 2000 1248.93 -1812.67 2000 1248.93 -1627 2003 1248.1 -1632 2003 1248.1 -1817.67 2000 1248.93 -1812.67 2003 1248.1 -1817.67 2003 1248.1 -1998.34 2000 1248.93 -2003.34 2000 1248.93 -2184.01 2000 1248.93 -1998.34 2003 1248.1 -2003.34 2003 1248.1 -2189.01 2000 1248.93 -2184.01 2003 1248.1 -2189.01 2003 1248.1 -2369.68 2000 1248.93 -2374.68 2000 1248.93 -2555.35 2000 1248.93 -2369.68 2003 1248.1 -2374.68 2003 1248.1 -2560.35 2000 1248.93 -2555.35 2003 1248.1 -2560.35 2003 1248.1 -2741.03 2000 1248.93 -2746.03 2000 1248.93 -2926.7 2000 1248.93 -2741.03 2003 1248.1 -2746.03 2003 1248.1 -2931.7 2000 1248.93 -2926.7 2003 1248.1 -2931.7 2003 1248.1 -3112.37 2000 1248.93 -3117.37 2000 1248.93 -3298.04 2000 1248.93 -3112.37 2003 1248.1 -3117.37 2003 1248.1 -3303.04 2000 1248.93 -3298.04 2003 1248.1 -3303.04 2003 1248.1 -3483.71 2000 1248.93 -3488.71 2000 1248.93 -3669.38 2000 1248.93 -3483.71 2003 1248.1 -3488.71 2003 1248.1 -3674.38 2000 1248.93 -3669.38 2003 1248.1 -3674.38 2003 1248.1 -3855.05 2000 1248.93 -3860.05 2000 1248.93 -4000 1030.92 1515.94 -4000 1211.59 1466.16 -4000 1216.59 1464.78 -4003 1211.59 1466.16 -4003 1216.59 1464.78 -3855.05 2003 1248.1 -3860.05 2003 1248.1 -4000 2000 1248.93 -4000 1959.28 1260.15 -4000 1954.28 1261.52 -4000 1773.61 1311.31 -4003 1959.28 1260.15 -4003 1954.28 1261.52 -4003 1773.61 1311.31 -4003 1768.61 1312.68 -4000 1768.61 1312.68 -4000 1587.94 1362.47 -4000 1582.94 1363.84 -4003 1582.94 1363.84 -4003 1587.94 1362.47 -4000 1402.27 1413.62 -4000 1397.27 1415 -4003 1402.27 1413.62 -4003 1397.27 1415 -4003 1030.92 1515.94 -4003 1025.92 1517.32 -4003 845.253 1567.1 -4003 840.253 1568.48 -4003 659.582 1618.26 -4003 654.582 1619.64 -4003 473.911 1669.42 -4003 468.911 1670.8 -4003 288.24 1720.58 -4003 283.24 1721.96 </float_array>
					<technique_common>
						<accessor count="524" source="#geo_0-Position-array" stride="3">
							<param name="X" type="float"/>
							<param name="Y" type="float"/>
							<param name="Z" type="float"/>
						</accessor>
					</technique_common>
				</source>
				<source id="geo_0-Normals">
					<float_array count="1572" id="geo_0-Normals-array">0 -0.265156 0.964205 0 -0.265156 0.964205 0 -0.265156 0.964205 0 -0.265156 0.964205 0 -0.265156 0.964205 0 -0.265156 0.964205 0 -0.265156 0.964205 0 -0.265156 0.964205 0 -0.265156 0.964205 0 -0.265156 0.964205 0 -0.265156 0.964205 0 -0.265156 0.964205 0 -0.265156 0.964205 0 -0.265156 0.964205 0 -0.265156 0.964205 0 -0.265156 0.964205 0 -0.265156 0.964205 0 -0.265156 0.964205 0 -0.265156 0.964205 0 -0.265156 0.964205 0 -0.265156 0.964205 0 -0.265156 0.964205 0 -0.265156 0.964205 0 -0.265156 0.964205 0 -0.265156 0.964205 0 -0.265156 0.964205 0 -0.265156 0.964205 0 -0.265156 0.964205 0 -0.265156 0.964205 0 -0.265156 0.964205 0 -0.265156 0.964205 0 -0.265156 0.964205 0 -0.265156 0.964205 0 -0.265156 0.964205 0 -0.265156 0.964205 0 -0.265156 0.964205 0 -0.265156 0.964205 0 -0.265156 0.964205 0 -0.265156 0.964205 0 -0.265156 0.964205 0 -0.265156 0.964205 0 -0.265156 0.964205 0 -0.265156 0.964205 0 -0.265156 0.964205 0 -0.265156 0.964205 0 -0.265156 0.964205 0 -0.265156 0.964205 0 -0.265156 0.964205 0 -0.265156 0.964205 0 -0.265156 0.964205 0 -0.265156 0.964205 0 -0.265156 0.964205 0 -0.265156 0.964205 0 -0.265156 0.964205 0 -0.265156 0.964205 0 -0.265156 0.964205 0 -0.265156 0.964205 0 -0.265156 0.964205 0 -0.265156 0.964205 0 -0.265156 0.964205 0 -0.265156 0.964205 0 -0.265156 0.964205 0 -0.265156 0.964205 0 -0.265156 0.964205 0 -0.265156 0.964205 0 -0.265156 0.964205 0 -0.265156 0.964205 0 -0.265156 0.964205 0 -0.265156 0.964205 0 -0.265156 0.964205 0 -0.265156 0.964205 0 -0.265156 0.964205 0 -0.265156 0.964205 0 -0.265156 0.964205 0 -0.265156 0.964205 0 -0.265156 0.964205 0 -0.265156 0.964205 0 -0.265156 0.964205 0 -0.265156 0.964205 0 -0.265156 0.964205 0 -0.265156 0.964205 0 -0.265156 0.964205 0 -0.265156 0.964205 0 -0.265156 0.964205 0 -0.265156 0.964205 0 -0.265156 0.964205 0 -0.265156 0.964205 0 -0.265156 0.964205 0 -0.265156 0.964205 0 -0.265156 0.964205 0 -0.265156 0.964205 0 -0.265156 0.964205 0 -0.265156 0.964205 0 -0.265156 0.964205 0 -0.265156 0.964205 0 -0.265156 0.964205 0 -0.265156 0.964205 0 -0.265156 0.964205 0 -0.265156 0.964205 0 -0.265156 0.964205 0 -0.265156 0.964205 0 -0.265156 0.964205 0 -0.265156 0.964205 0 -0.265156 0.964205 0 -0.265156 0.964205 0 -0.265156 0.964205 0 -0.265156 0.964205 0 -0.265156 0.964205 0 -0.265156 0.964205 0 -0.265156 0.964205 0 -0.265156 0.964205 0 -0.265156 0.964205 0 -0.265156 0.964205 0 -0.265156 0.964205 0 -0.265156 0.964205 0 -0.265156 0.964205 0 -0.265156 0.964205 0 -0.265156 0.964205 0 -0.265156 0.964205 0 -0.265156 0.964205 0 -0.265156 0.964205 0 -0.265156 0.964205 0 -0.265156 0.964205 0 -0.265156 0.964205 0 -0.265156 0.964205 0 -0.265156 0.964205 0 -0.265156 0.964205 0 -0.265156 0.964205 0 -0.265156 0.964205 0 -0.265156 0.964205 0 -0.265156 0.964205 0 -0.265156 0.964205 0 -0.265156 0.964205 0 -0.265156 0.964205 0 -0.265156 0.964205 0 -0.265156 0.964205 0 -0.265156 0.964205 0 -0.265156 0.964205 0 -0.265156 0.964205 0 -0.265156 0.964205 0 -0.265156 0.964205 0 -0.265156 0.964205 0 -0.265156 0.964205 0 -0.265156 0.964205 0 -0.265156 0.964205 0 -0.265156 0.964205 0 -0.265156 0.964205 0 -0.265156 0.964205 0 -0.265156 0.964205 0 -0.265156 0.964205 0 -0.265156 0.964205 0 -0.265156 0.964205 0 -0.265156 0.964205 0 -0.265156 0.964205 0 -0.265156 0.964205 0 -0.265156 0.964205 0 -0.265156 0.964205 0 -0.265156 0.964205 0 -0.265156 0.964205 0 -0.265156 0.964205 0 -0.265156 0.964205 0 -0.265156 0.964205 0 -0.265156 0.964205 0 -0.265156 0.964205 0 -0.265156 0.964205 0 -0.265156 0.964205 0 -0.265156 0.964205 0 -0.265156 0.964205 0 -0.265156 0.964205 0 -0.265156 0.964205 0 -0.265156 0.964205 0 -0.265156 0.964205 0 -0.265156 0.964205 0 -0.265156 0.964205 0 -0.265156 0.964205 0 -0.265156 0.964205 0 -0.265156 0.964205 0 -0.265156 0.964205 0 -0.265156 0.964205 0 -0.265156 0.964205 0 -0.265156 0.964205 0 -0.265156 0.964205 0 -0.265156 0.964205 0 -0.265156 0.964205 0 -0.265156 0.964205 0 -0.265156 0.964205 0 -0.265156 0.964205 0 -0.265156 0.964205 0 -0.265156 0.964205 0 -0.265156 0.964205 0 -0.265156 0.964205 0 -0.265156 0.964205 0 -0.265156 0.964205 0 -0.265156 0.964205 0 -0.265156 0.964205 0 -0.265156 0.964205 0 -0.265156 0.964205 0 -0.265156 0.964205 0 -0.265156 0.964205 0 -0.265156 0.964205 0 -0.265156 0.964205 0 -0.265156 0.964205 0 -0.265156 0.964205 0 -0.265156 0.964205 0 -0.265156 0.964205 0 -0.265156 0.964205 0 -0.265156 0.964205 0 -0.265156 0.964205 0 -0.265156 0.964205 0 -0.265156 0.964205 0 -0.265156 0.964205 0 -0.265156 0.964205 0 -0.265156 0.964205 0 -0.265156 0.964205 0 -0.265156 0.964205 0 -0.265156 0.964205 0 -0.265156 0.964205 0 -0.265156 0.964205 0 -0.265156 0.964205 0 -0.265156 0.964205 0 -0.265156 0.964205 0 -0.265156 0.964205 0 -0.265156 0.964205 0 -0.265156 0.964205 0 -0.265156 0.964205 0 -0.265156 0.964205 0 -0.265156 0.964205 0 -0.265156 0.964205 0 -0.265156 0.964205 0 -0.265156 0.964205 0 -0.265156 0.964205 0 -0.265156 0.964205 0 -0.265156 0.964205 0 -0.265156 0.964205 0 -0.265156 0.964205 0 -0.265156 0.964205 0 -0.265156 0.964205 0 -0.265156 0.964205 0 -0.265156 0.964205 0 -0.265156 0.964205 0 -0.265156 0.964205 0 -0.265156 0.964205 0 -0.265156 0.964205 0 -0.265156 0.964205 0 -0.265156 0.964205 0 -0.265156 0.964205 0 -0.265156 0.964205 0 -0.265156 0.964205 0 -0.265156 0.964205 0 -0.265156 0.964205 0 -0.265156 0.964205 0 -0.265156 0.964205 0 -0.265156 0.964205 0 -0.265156 0.964205 0 -0.265156 0.964205 0 -0.265156 0.964205 0 -0.265156 0.964205 0 -0.265156 0.964205 0 -0.265156 0.964205 0 -0.265156 0.964205 0 0.265637 0.964073 0 0.265637 0.964073 0 0.265637 0.964073 0 0.265637 0.964073 0 0.265637 0.964073 0 0.265637 0.964073 0 0.265637 0.964073 0 0.265637 0.964073 0 0.265637 0.964073 0 0.265637 0.964073 0 0.265637 0.964073 0 0.265637 0.964073 0 0.265637 0.964073 0 0.265637 0.964073 0 0.265637 0.964073 0 0.265637 0.964073 0 0.265637 0.964073 0 0.265637 0.964073 0 0.265637 0.964073 0 0.265637 0.964073 0 0.265637 0.964073 0 0.265637 0.964073 0 0.265637 0.964073 0 0.265637 0.964073 0 0.265637 0.964073 0 0.265637 0.964073 0 0.265637 0.964073 0 0.265637 0.964073 0 0.265637 0.964073 0 0.265637 0.964073 0 0.265637 0.964073 0 0.265637 0.964073 0 0.265637 0.964073 0 0.265637 0.964073 0 0.265637 0.964073 0 0.265637 0.964073 0 0.265637 0.964073 0 0.265637 0.964073 0 0.265637 0.964073 0 0.265637 0.964073 0 0.265637 0.964073 0 0.265637 0.964073 0 0.265637 0.964073 0 0.265637 0.964073 0 0.265637 0.964073 0 0.265637 0.964073 0 0.265637 0.964073 0 0.265637 0.964073 0 0.265637 0.964073 0 0.265637 0.964073 0 0.265637 0.964073 0 0.265637 0.964073 0 0.265637 0.964073 0 0.265637 0.964073 0 0.265637 0.964073 0 0.265637 0.964073 0 0.265637 0.964073 0 0.265637 0.964073 0 0.265637 0.964073 0 0.265637 0.964073 0 0.265637 0.964073 0 0.265637 0.964073 0 0.265637 0.964073 0 0.265637 0.964073 0 0.265637 0.964073 0 0.265637 0.964073 0 0.265637 0.964073 0 0.265637 0.964073 0 0.265637 0.964073 0 0.265637 0.964073 0 0.265637 0.964073 0 0.265637 0.964073 0 0.265637 0.964073 0 0.265637 0.964073 0 0.265637 0.964073 0 0.265637 0.964073 0 0.265637 0.964073 0 0.265637 0.964073 0 0.265637 0.964073 0 0.265637 0.964073 0 0.265637 0.964073 0 0.265637 0.964073 0 0.265637 0.964073 0 0.265637 0.964073 0 0.265637 0.964073 0 0.265637 0.964073 0 0.265637 0.964073 0 0.265637 0.964073 0 0.265637 0.964073 0 0.265637 0.964073 0 0.265637 0.964073 0 0.265637 0.964073 0 0.265637 0.964073 0 0.265637 0.964073 0 0.265637 0.964073 0 0.265637 0.964073 0 0.265637 0.964073 0 0.265637 0.964073 0 0.265637 0.964073 0 0.265637 0.964073 0 0.265637 0.964073 0 0.265637 0.964073 0 0.265637 0.964073 0 0.265637 0.964073 0 0.265637 0.964073 0 0.265637 0.964073 0 0.265637 0.964073 0 0.265637 0.964073 0 0.265637 0.964073 0 0.265637 0.964073 0 0.265637 0.964073 0 0.265637 0.964073 0 0.265637 0.964073 0 0.265637 0.964073 0 0.265637 0.964073 0 0.265637 0.964073 0 0.265637 0.964073 0 0.265637 0.964073 0 0.265637 0.964073 0 0.265637 0.964073 0 0.265637 0.964073 0 0.265637 0.964073 0 0.265637 0.964073 0 0.265637 0.964073 0 0.265637 0.964073 0 0.265637 0.964073 0 0.265637 0.964073 0 0.265637 0.964073 0 0.265637 0.964073 0 0.265637 0.964073 0 0.265637 0.964073 0 0.265637 0.964073 0 0.265637 0.964073 0 0.265637 0.964073 0 0.265637 0.964073 0 0.265637 0.964073 0 0.265637 0.964073 0 0.265637 0.964073 0 0.265637 0.964073 0 0.265637 0.964073 0 0.265637 0.964073 0 0.265637 0.964073 0 0.265637 0.964073 0 0.265637 0.964073 0 0.265637 0.964073 0 0.265637 0.964073 0 0.265637 0.964073 0 0.265637 0.964073 0 0.265637 0.964073 0 0.265637 0.964073 0 0.265637 0.964073 0 0.265637 0.964073 0 0.265637 0.964073 0 0.265637 0.964073 0 0.265637 0.964073 0 0.265637 0.964073 0 0.265637 0.964073 0 0.265637 0.964073 0 0.265637 0.964073 0 0.265637 0.964073 0 0.265637 0.964073 0 0.265637 0.964073 0 0.265637 0.964073 0 0.265637 0.964073 0 0.265637 0.964073 0 0.265637 0.964073 0 0.265637 0.964073 0 0.265637 0.964073 0 0.265637 0.964073 0 0.265637 0.964073 0 0.265637 0.964073 0 0.265637 0.964073 0 0.265637 0.964073 0 0.265637 0.964073 0 0.265637 0.964073 0 0.265637 0.964073 0 0.265637 0.964073 0 0.265637 0.964073 0 0.265637 0.964073 0 0.265637 0.964073 0 0.265637 0.964073 0 0.265637 0.964073 0 0.265637 0.964073 0 0.265637 0.964073 0 0.265637 0.964073 0 0.265637 0.964073 0 0.265637 0.964073 0 0.265637 0.964073 0 0.265637 0.964073 0 0.265637 0.964073 0 0.265637 0.964073 0 0.265637 0.964073 0 0.265637 0.964073 0 0.265637 0.964073 0 0.265637 0.964073 0 0.265637 0.964073 0 0.265637 0.964073 0 0.265637 0.964073 0 0.265637 0.964073 0 0.265637 0.964073 0 0.265637 0.964073 0 0.265637 0.964073 0 0.265637 0.964073 0 0.265637 0.964073 0 0.265637 0.964073 0 0.265637 0.964073 0 0.265637 0.964073 0 0.265637 0.964073 0 0.265637 0.964073 0 0.265637 0.964073 0 0.265637 0.964073 0 0.265637 0.964073 0 0.265637 0.964073 0 0.265637 0.964073 0 0.265637 0.964073 0 0.265637 0.964073 0 0.265637 0.964073 0 0.265637 0.964073 0 0.265637 0.964073 0 0.265637 0.964073 0 0.265637 0.964073 0 0.265637 0.964073 0 0.265637 0.964073 0 0.265637 0.964073 0 0.265637 0.964073 0 0.265637 0.964073 0 0.265637 0.964073 0 0.265637 0.964073 0 0.265637 0.964073 0 0.265637 0.964073 0 0.265637 0.964073 0 0.265637 0.964073 0 0.265637 0.964073 0 0.265637 0.964073 0 0.265637 0.964073 0 0.265637 0.964073 0 0.265637 0.964073 0 0.265637 0.964073 0 0.265637 0.964073 0 0.265637 0.964073 0 0.265637 0.964073 0 0.265637 0.964073 0 0.265637 0.964073 0 0.265637 0.964073 0 0.265637 0.964073 0 0.265637 0.964073 0 0.265637 0.964073 0 0.265637 0.964073 0 0.265637 0.964073 0 0.265637 0.964073 0 0.265637 0.964073 0 0.265637 0.964073 0 0.265637 0.964073 0 0.265637 0.964073 0 0.265637 0.964073 0 0.265637 0.964073 0 0.265637 0.964073 0 0.265637 0.964073 0 0.265637 0.964073 0 0.265637 0.964073 0 0.265637 0.964073 0 0.265637 0.964073 0 0.265637 0.964073 0 0.265637 0.964073 </float_array>
					<technique_common>
						<accessor count="524" source="#geo_0-Normals-array" stride="3">
							<param name="X" type="float"/>
							<param name="Y" type="float"/>
							<param name="Z" type="float"/>
						</accessor>
					</technique_common>
				</source>
				<vertices id="geo_0-Vertex">
					<input semantic="POSITION" source="#geo_0-Position"/>
				</vertices>
				<triangles count="520" material="Revestimento_(Azul)">
					<input offset="0" semantic="VERTEX" source="#geo_0-Vertex"/>
					<input offset="1" semantic="NORMAL"  source="#geo_0-Normals"/>
					<p>0 0 1 1 2 2 2 2 1 1 3 3 2 2 3 3 4 4 5 5 6 6 0 0 0 0 6 6 7 7 0 0 7 7 8 8 8 8 7 7 9 9 9 9 7 7 10 10 9 9 10 10 11 11 10 10 7 7 12 12 12 12 7 7 13 13 12 12 13 13 14 14 14 14 13 13 15 15 15 15 13 13 16 16 15 15 16 16 17 17 18 18 19 19 13 13 13 13 19 19 20 20 13 13 20 20 21 21 21 21 20 20 22 22 22 22 20 20 23 23 22 22 23 23 24 24 23 23 20 20 25 25 25 25 20 20 26 26 25 25 26 26 27 27 27 27 26 26 28 28 28 28 26 26 29 29 28 28 29 29 30 30 31 31 32 32 26 26 26 26 32 32 33 33 26 26 33 33 34 34 34 34 33 33 35 35 35 35 33 33 36 36 35 35 36 36 37 37 36 36 33 33 38 38 38 38 33 33 39 39 38 38 39 39 40 40 40 40 39 39 41 41 40 40 41 41 42 42 42 42 41 41 43 43 42 42 43 43 44 44 45 45 46 46 39 39 39 39 46 46 47 47 39 39 47 47 48 48 48 48 47 47 49 49 48 48 49 49 50 50 50 50 49 49 51 51 47 47 52 52 49 49 49 49 52 52 53 53 53 53 52 52 54 54 53 53 54 54 55 55 55 55 54 54 56 56 55 55 56 56 57 57 57 57 56 56 58 58 57 57 58 58 59 59 59 59 58 58 60 60 59 59 60 60 61 61 61 61 60 60 62 62 61 61 62 62 63 63 63 63 62 62 64 64 63 63 64 64 65 65 65 65 64 64 66 66 65 65 66 66 67 67 67 67 66 66 68 68 67 67 68 68 69 69 70 70 71 71 52 52 52 52 71 71 54 54 72 72 73 73 56 56 56 56 73 73 58 58 74 74 75 75 60 60 60 60 75 75 62 62 76 76 77 77 64 64 64 64 77 77 66 66 78 78 79 79 67 67 67 67 79 79 65 65 80 80 81 81 63 63 63 63 81 81 61 61 82 82 83 83 59 59 59 59 83 83 57 57 84 84 85 85 55 55 55 55 85 85 53 53 48 48 41 41 39 39 86 86 87 87 41 41 41 41 87 87 88 88 41 41 88 88 89 89 89 89 88 88 90 90 89 89 90 90 91 91 91 91 90 90 92 92 92 92 90 90 93 93 91 91 94 94 89 89 89 89 94 94 95 95 89 89 95 95 96 96 97 97 98 98 94 94 94 94 98 98 95 95 99 99 100 100 96 96 96 96 100 100 101 101 96 96 101 101 89 89 89 89 101 101 102 102 89 89 102 102 103 103 103 103 102 102 104 104 104 104 102 102 105 105 103 103 106 106 89 89 89 89 106 106 107 107 89 89 107 107 108 108 109 109 110 110 106 106 106 106 110 110 107 107 41 41 89 89 111 111 111 111 89 89 112 112 111 111 112 112 113 113 111 111 114 114 41 41 41 41 114 114 115 115 41 41 115 115 116 116 114 114 117 117 115 115 115 115 117 117 118 118 41 41 116 116 119 119 119 119 116 116 120 120 119 119 120 120 121 121 119 119 122 122 41 41 41 41 122 122 123 123 41 41 123 123 124 124 122 122 125 125 123 123 123 123 125 125 126 126 41 41 124 124 127 127 127 127 124 124 128 128 127 127 128 128 129 129 127 127 130 130 41 41 41 41 130 130 131 131 41 41 131 131 132 132 130 130 133 133 131 131 131 131 133 133 134 134 41 41 132 132 135 135 135 135 132 132 136 136 135 135 136 136 137 137 135 135 138 138 41 41 41 41 138 138 139 139 41 41 139 139 140 140 138 138 141 141 139 139 139 139 141 141 142 142 41 41 140 140 143 143 143 143 140 140 144 144 143 143 144 144 145 145 143 143 146 146 41 41 41 41 146 146 147 147 41 41 147 147 148 148 146 146 149 149 147 147 147 147 149 149 150 150 41 41 148 148 151 151 151 151 148 148 152 152 151 151 152 152 153 153 151 151 154 154 41 41 41 41 154 154 155 155 41 41 155 155 156 156 154 154 157 157 155 155 155 155 157 157 158 158 41 41 156 156 159 159 159 159 156 156 160 160 159 159 160 160 161 161 159 159 162 162 41 41 41 41 162 162 163 163 41 41 163 163 164 164 162 162 165 165 163 163 163 163 165 165 166 166 41 41 164 164 167 167 167 167 164 164 168 168 167 167 168 168 169 169 167 167 170 170 41 41 41 41 170 170 171 171 41 41 171 171 172 172 170 170 173 173 171 171 171 171 173 173 174 174 41 41 172 172 175 175 175 175 172 172 176 176 175 175 176 176 177 177 175 175 178 178 41 41 41 41 178 178 179 179 41 41 179 179 180 180 178 178 181 181 179 179 179 179 181 181 182 182 41 41 180 180 183 183 183 183 180 180 184 184 183 183 184 184 185 185 183 183 186 186 41 41 41 41 186 186 187 187 41 41 187 187 43 43 186 186 188 188 187 187 187 187 188 188 189 189 44 44 190 190 42 42 40 40 191 191 38 38 38 38 191 191 192 192 37 37 193 193 35 35 26 26 34 34 194 194 194 194 34 34 195 195 194 194 195 195 196 196 194 194 29 29 26 26 30 30 197 197 28 28 27 27 198 198 25 25 25 25 198 198 199 199 24 24 200 200 22 22 13 13 21 21 201 201 201 201 21 21 202 202 201 201 202 202 203 203 201 201 16 16 13 13 17 17 204 204 15 15 14 14 205 205 12 12 12 12 205 205 206 206 11 11 207 207 9 9 0 0 8 8 208 208 208 208 8 8 209 209 208 208 209 209 210 210 208 208 211 211 0 0 0 0 211 211 212 212 0 0 212 212 213 213 211 211 214 214 212 212 212 212 214 214 215 215 0 0 213 213 216 216 216 216 213 213 217 217 216 216 217 217 218 218 216 216 1 1 0 0 1 1 219 219 3 3 3 3 219 219 220 220 2 2 4 4 221 221 221 221 4 4 222 222 221 221 222 222 223 223 221 221 224 224 2 2 2 2 224 224 225 225 2 2 225 225 226 226 226 226 225 225 227 227 225 225 224 224 228 228 228 228 224 224 229 229 228 228 229 229 230 230 228 228 231 231 225 225 225 225 231 231 232 232 225 225 232 232 233 233 231 231 234 234 232 232 232 232 234 234 235 235 225 225 233 233 236 236 236 236 233 233 237 237 236 236 237 237 238 238 236 236 239 239 225 225 225 225 239 239 240 240 240 240 239 239 241 241 240 240 241 241 242 242 239 239 243 243 241 241 241 241 243 243 244 244 245 245 246 246 242 242 242 242 246 246 247 247 242 242 247 247 240 240 240 240 247 247 248 248 248 248 247 247 249 249 245 245 250 250 246 246 246 246 251 251 247 247 247 247 251 251 252 252 247 247 252 252 253 253 251 251 254 254 252 252 252 252 254 254 255 255 247 247 253 253 256 256 256 256 253 253 257 257 256 256 257 257 258 258 256 256 259 259 247 247 260 260 261 261 262 262 262 262 261 261 263 263 262 262 263 263 264 264 264 264 263 263 265 265 264 264 265 265 266 266 266 266 265 265 267 267 268 268 269 269 261 261 261 261 269 269 263 263 263 263 270 270 265 265 265 265 270 270 271 271 271 271 270 270 272 272 271 271 272 272 273 273 273 273 272 272 274 274 273 273 274 274 275 275 275 275 274 274 276 276 275 275 276 276 277 277 277 277 276 276 278 278 277 277 278 278 279 279 279 279 278 278 280 280 279 279 280 280 281 281 281 281 280 280 282 282 281 281 282 282 283 283 283 283 282 282 284 284 283 283 284 284 285 285 285 285 284 284 286 286 285 285 286 286 287 287 287 287 286 286 288 288 287 287 288 288 289 289 289 289 288 288 290 290 289 289 290 290 291 291 292 292 293 293 270 270 270 270 293 293 272 272 294 294 295 295 274 274 274 274 295 295 276 276 296 296 297 297 278 278 278 278 297 297 280 280 298 298 299 299 282 282 282 282 299 299 284 284 300 300 301 301 286 286 286 286 301 301 288 288 290 290 288 288 302 302 302 302 288 288 303 303 302 302 303 303 304 304 304 304 303 303 305 305 305 305 303 303 306 306 305 305 306 306 307 307 308 308 309 309 303 303 303 303 309 309 310 310 303 303 310 310 311 311 311 311 310 310 312 312 311 311 312 312 313 313 314 314 315 315 310 310 310 310 315 315 316 316 310 310 316 316 317 317 317 317 316 316 318 318 317 317 318 318 319 319 320 320 321 321 314 314 314 314 321 321 322 322 314 314 322 322 323 323 323 323 322 322 324 324 323 323 324 324 325 325 326 326 327 327 322 322 322 322 327 327 328 328 322 322 328 328 329 329 329 329 328 328 330 330 329 329 330 330 331 331 332 332 333 333 326 326 326 326 333 333 334 334 326 326 334 334 335 335 335 335 334 334 336 336 335 335 336 336 337 337 338 338 339 339 334 334 334 334 339 339 340 340 334 334 340 340 341 341 341 341 340 340 342 342 341 341 342 342 343 343 344 344 345 345 338 338 338 338 345 345 346 346 338 338 346 346 347 347 347 347 346 346 348 348 347 347 348 348 349 349 350 350 351 351 346 346 346 346 351 351 352 352 346 346 352 352 353 353 354 354 355 355 350 350 350 350 355 355 356 356 350 350 356 356 357 357 357 357 356 356 358 358 357 357 358 358 359 359 360 360 361 361 356 356 356 356 361 361 362 362 356 356 362 362 363 363 361 361 364 364 362 362 362 362 364 364 365 365 356 356 363 363 366 366 366 366 363 363 367 367 366 366 367 367 368 368 366 366 358 358 356 356 359 359 369 369 357 357 357 357 370 370 350 350 350 350 370 370 371 371 350 350 371 371 351 351 370 370 372 372 371 371 371 371 372 372 373 373 351 351 374 374 352 352 352 352 374 374 375 375 346 346 353 353 376 376 376 376 353 353 377 377 376 376 377 377 378 378 376 376 348 348 346 346 349 349 379 379 347 347 347 347 380 380 338 338 338 338 380 380 381 381 338 338 381 381 382 382 380 380 383 383 381 381 381 381 383 383 384 384 338 338 382 382 339 339 339 339 382 382 385 385 339 339 385 385 386 386 341 341 336 336 334 334 337 337 387 387 335 335 335 335 388 388 326 326 326 326 388 388 389 389 326 326 389 389 390 390 388 388 391 391 389 389 389 389 391 391 392 392 326 326 390 390 327 327 327 327 390 390 393 393 327 327 393 393 394 394 329 329 324 324 322 322 325 325 395 395 323 323 323 323 396 396 314 314 314 314 396 396 397 397 314 314 397 397 398 398 396 396 399 399 397 397 397 397 399 399 400 400 314 314 398 398 315 315 315 315 398 398 401 401 315 315 401 401 402 402 317 317 312 312 310 310 313 313 403 403 311 311 311 311 306 306 303 303 307 307 404 404 305 305 304 304 405 405 302 302 302 302 405 405 406 406 291 291 407 407 289 289 289 289 408 408 287 287 287 287 408 408 409 409 287 287 409 409 410 410 408 408 411 411 409 409 409 409 411 411 412 412 287 287 410 410 413 413 413 413 410 410 414 414 413 413 414 414 415 415 413 413 416 416 287 287 287 287 416 416 417 417 287 287 417 417 418 418 416 416 419 419 417 417 417 417 419 419 420 420 287 287 418 418 421 421 421 421 418 418 422 422 421 421 422 422 423 423 421 421 424 424 287 287 287 287 424 424 425 425 287 287 425 425 426 426 424 424 427 427 425 425 425 425 427 427 428 428 287 287 426 426 429 429 429 429 426 426 430 430 429 429 430 430 431 431 429 429 432 432 287 287 287 287 432 432 433 433 287 287 433 433 434 434 432 432 435 435 433 433 433 433 435 435 436 436 287 287 434 434 437 437 437 437 434 434 438 438 437 437 438 438 439 439 437 437 440 440 287 287 287 287 440 440 441 441 287 287 441 441 442 442 440 440 443 443 441 441 441 441 443 443 444 444 287 287 442 442 445 445 445 445 442 442 446 446 445 445 446 446 447 447 445 445 448 448 287 287 287 287 448 448 449 449 287 287 449 449 450 450 448 448 451 451 449 449 449 449 451 451 452 452 287 287 450 450 453 453 453 453 450 450 454 454 453 453 454 454 455 455 453 453 456 456 287 287 287 287 456 456 457 457 287 287 457 457 458 458 456 456 459 459 457 457 457 457 459 459 460 460 287 287 458 458 461 461 461 461 458 458 462 462 461 461 462 462 463 463 461 461 464 464 287 287 287 287 464 464 465 465 287 287 465 465 466 466 464 464 467 467 465 465 465 465 467 467 468 468 287 287 466 466 469 469 469 469 466 466 470 470 469 469 470 470 471 471 469 469 472 472 287 287 287 287 472 472 473 473 287 287 473 473 474 474 472 472 475 475 473 473 473 473 475 475 476 476 287 287 474 474 477 477 477 477 474 474 478 478 477 477 478 478 479 479 477 477 480 480 287 287 287 287 480 480 481 481 287 287 481 481 482 482 480 480 483 483 481 481 481 481 483 483 484 484 287 287 482 482 485 485 485 485 482 482 486 486 485 485 486 486 487 487 485 485 488 488 287 287 287 287 488 488 489 489 287 287 489 489 490 490 490 490 489 489 491 491 491 491 489 489 492 492 491 491 492 492 493 493 493 493 492 492 494 494 488 488 495 495 489 489 489 489 495 495 496 496 497 497 498 498 489 489 489 489 498 498 499 499 489 489 499 499 500 500 501 501 502 502 498 498 498 498 502 502 499 499 503 503 504 504 500 500 500 500 504 504 505 505 500 500 505 505 489 489 489 489 505 505 506 506 489 489 506 506 507 507 507 507 506 506 508 508 508 508 506 506 509 509 507 507 510 510 489 489 489 489 510 510 511 511 489 489 511 511 492 492 512 512 513 513 510 510 510 510 513 513 511 511 514 514 515 515 490 490 490 490 515 515 287 287 516 516 517 517 285 285 285 285 517 517 283 283 518 518 519 519 281 281 281 281 519 519 279 279 520 520 521 521 277 277 277 277 521 521 275 275 522 522 523 523 273 273 273 273 523 523 271 271 </p>
				</triangles>
			</mesh>
		</geometry>
		<geometry id="ID8" name="geo_1">
			<mesh>
				<source id="geo_1-Position">
					<float_array count="11943" id="geo_1-Position-array">-2882.5 1895.5 -1143 -2882.5 1894.73 -1143.12 -2881.63 1895.42 -1143 -2881.19 1894.52 -1143.12 -2880.79 1895.2 -1143 -2880 1894.83 -1143 -2880.02 1893.92 -1143.12 -2880 1893.57 -1143.23 -2881.41 1893.86 -1143.48 -2880.42 1893.36 -1143.48 -2881.58 1893.33 -1144.03 -2880.75 1892.91 -1144.03 -2881.69 1892.99 -1144.73 -2880.96 1892.62 -1144.73 -2881.73 1892.88 -1145.5 -2881.03 1892.52 -1145.5 -2882.5 1894.03 -1143.48 -2882.5 1893.48 -1144.03 -2882.5 1893.12 -1144.73 -2882.5 1893 -1145.5 -2880.38 1892.04 -1144.73 -2880.48 1891.97 -1145.5 -2880.01 1891.31 -1144.73 -2880.12 1891.27 -1145.5 -2880 1890.5 -1145.5 -2880 1892.45 -1143.8 -2880.09 1892.25 -1144.03 -2882.5 1895.5 -1143 -2997.5 1895.5 -1143 -2882.5 1894.73 -1143.12 -2997.5 1894.73 -1143.12 -2882.5 1894.03 -1143.48 -2997.5 1894.03 -1143.48 -2882.5 1893.48 -1144.03 -2997.5 1893.48 -1144.03 -2882.5 1893.12 -1144.73 -2997.5 1893.12 -1144.73 -2882.5 1893 -1145.5 -2997.5 1893 -1145.5 -3000 1893.57 -1143.23 -2999.98 1893.92 -1143.12 -3000 1894.83 -1143 -2998.81 1894.52 -1143.12 -2999.21 1895.2 -1143 -2998.37 1895.42 -1143 -2997.5 1894.73 -1143.12 -2997.5 1895.5 -1143 -3000 1892.45 -1143.8 -2999.58 1893.36 -1143.48 -3000 1890.5 -1145.5 -2999.99 1891.31 -1144.73 -2999.91 1892.25 -1144.03 -2999.25 1892.91 -1144.03 -2999.62 1892.04 -1144.73 -2999.04 1892.62 -1144.73 -2999.52 1891.97 -1145.5 -2998.97 1892.52 -1145.5 -2999.88 1891.27 -1145.5 -2998.31 1892.99 -1144.73 -2998.27 1892.88 -1145.5 -2997.5 1893.12 -1144.73 -2997.5 1893 -1145.5 -2997.5 1893.48 -1144.03 -2998.42 1893.33 -1144.03 -2997.5 1894.03 -1143.48 -2998.59 1893.86 -1143.48 -3000 1894.83 -1143 -2999.21 1895.2 -1143 -3000 1900 -1143 -2998.37 1895.42 -1143 -2997.5 1895.5 -1143 -2882.5 1895.5 -1143 -2880 1900 -1143 -2881.63 1895.42 -1143 -2880.79 1895.2 -1143 -2880 1894.83 -1143 -2997.5 1895.5 -1157 -2997.5 1894.73 -1156.88 -2998.37 1895.42 -1157 -2998.81 1894.52 -1156.88 -2999.21 1895.2 -1157 -3000 1894.83 -1157 -2999.98 1893.92 -1156.88 -3000 1893.57 -1156.77 -2998.59 1893.86 -1156.52 -2999.58 1893.36 -1156.52 -2998.42 1893.33 -1155.97 -2999.25 1892.91 -1155.97 -2998.31 1892.99 -1155.27 -2999.04 1892.62 -1155.27 -2998.27 1892.88 -1154.5 -2998.97 1892.52 -1154.5 -2997.5 1894.03 -1156.52 -2997.5 1893.48 -1155.97 -2997.5 1893.12 -1155.27 -2997.5 1893 -1154.5 -2999.62 1892.04 -1155.27 -2999.52 1891.97 -1154.5 -2999.99 1891.31 -1155.27 -2999.88 1891.27 -1154.5 -3000 1890.5 -1154.5 -3000 1892.45 -1156.2 -2999.91 1892.25 -1155.97 -2997.5 1895.5 -1157 -2882.5 1895.5 -1157 -2997.5 1894.73 -1156.88 -2882.5 1894.73 -1156.88 -2997.5 1894.03 -1156.52 -2882.5 1894.03 -1156.52 -2997.5 1893.48 -1155.97 -2882.5 1893.48 -1155.97 -2997.5 1893.12 -1155.27 -2882.5 1893.12 -1155.27 -2997.5 1893 -1154.5 -2882.5 1893 -1154.5 -2880 1893.57 -1156.77 -2880.02 1893.92 -1156.88 -2880 1894.83 -1157 -2881.19 1894.52 -1156.88 -2880.79 1895.2 -1157 -2881.63 1895.42 -1157 -2882.5 1894.73 -1156.88 -2882.5 1895.5 -1157 -2880 1892.45 -1156.2 -2880.42 1893.36 -1156.52 -2880 1890.5 -1154.5 -2880.01 1891.31 -1155.27 -2880.09 1892.25 -1155.97 -2880.75 1892.91 -1155.97 -2880.38 1892.04 -1155.27 -2880.96 1892.62 -1155.27 -2880.48 1891.97 -1154.5 -2881.03 1892.52 -1154.5 -2880.12 1891.27 -1154.5 -2881.69 1892.99 -1155.27 -2881.73 1892.88 -1154.5 -2882.5 1893.12 -1155.27 -2882.5 1893 -1154.5 -2882.5 1893.48 -1155.97 -2881.58 1893.33 -1155.97 -2882.5 1894.03 -1156.52 -2881.41 1893.86 -1156.52 -2880 1894.83 -1157 -2880.79 1895.2 -1157 -2880 1900 -1157 -2881.63 1895.42 -1157 -2882.5 1895.5 -1157 -2997.5 1895.5 -1157 -3000 1900 -1157 -2998.37 1895.42 -1157 -2999.21 1895.2 -1157 -3000 1894.83 -1157 -2997.5 1893 -1154.5 -2997.5 1893 -1145.5 -2998.27 1892.88 -1154.5 -2998.27 1892.88 -1145.5 -2998.97 1892.52 -1154.5 -2998.97 1892.52 -1145.5 -2999.52 1891.97 -1154.5 -2999.52 1891.97 -1145.5 -2999.88 1891.27 -1154.5 -2999.88 1891.27 -1145.5 -3000 1890.5 -1154.5 -3000 1890.5 -1145.5 -2997.5 1893 -1145.5 -2997.5 1893 -1154.5 -2882.5 1893 -1145.5 -2882.5 1893 -1154.5 -2880 1890.5 -1154.5 -2880 1890.5 -1145.5 -2880.12 1891.27 -1154.5 -2880.12 1891.27 -1145.5 -2880.48 1891.97 -1154.5 -2880.48 1891.97 -1145.5 -2881.03 1892.52 -1154.5 -2881.03 1892.52 -1145.5 -2881.73 1892.88 -1154.5 -2881.73 1892.88 -1145.5 -2882.5 1893 -1154.5 -2882.5 1893 -1145.5 -3000 1900 -1143 -3000 1900 -1010 -3000 1894.83 -1143 -3000 1890 -1010 -3000 1893.57 -1143.23 -3000 1892.45 -1143.8 -3000 1890.5 -1145.5 -3000 1890 -1250 -3000 1890.5 -1154.5 -3000 1892.45 -1156.2 -3000 1893.57 -1156.77 -3000 1894.83 -1157 -3000 1900 -1250 -3000 1900 -1157 -2900.67 2009 -1143.94 -2899.29 2009 -1143.94 -2900.67 2009 -1143.95 -2900.69 2008.98 -1144.14 -2899.23 2008.95 -1144.24 -2900.72 2008.92 -1144.33 -2900.74 2008.83 -1144.5 -2899.18 2008.81 -1144.51 -2900.76 2008.71 -1144.65 -2899.14 2008.59 -1144.73 -2900.77 2008.55 -1144.77 -2900.78 2008.38 -1144.86 -2899.12 2008.31 -1144.87 -2900.79 2008.19 -1144.92 -2899.07 2008 -1144.91 -2900.79 2008 -1144.94 -2897.83 2008.95 -1143.72 -2897.99 2009 -1143.46 -2896.69 2008.95 -1142.76 -2896.93 2009 -1142.56 -2896.24 2009 -1141.36 -2895.95 2008.95 -1141.47 -2896 2009 -1140 -2895.69 2008.95 -1140 -2895.95 2008.95 -1138.53 -2895.69 2008.81 -1138.44 -2896.48 2008.81 -1137.06 -2896.31 2008.59 -1136.92 -2895.48 2008.59 -1138.37 -2896.2 2008.31 -1136.83 -2897.51 2008.31 -1135.72 -2897.46 2008 -1135.69 -2899.07 2008 -1135.09 -2899.12 2008.31 -1135.13 -2900.79 2008.19 -1135.08 -2900.78 2008.38 -1135.14 -2899.14 2008.59 -1135.27 -2900.77 2008.55 -1135.23 -2900.76 2008.71 -1135.35 -2899.18 2008.81 -1135.49 -2900.74 2008.83 -1135.5 -2899.23 2008.95 -1135.76 -2900.72 2008.92 -1135.67 -2900.69 2008.98 -1135.86 -2899.29 2009 -1136.06 -2900.67 2009 -1136.05 -2900.67 2009 -1136.06 -2896.24 2009 -1138.64 -2896.69 2008.95 -1137.24 -2897.69 2008.81 -1136.04 -2897.58 2008.59 -1135.84 -2896.93 2009 -1137.44 -2897.83 2008.95 -1136.28 -2897.99 2009 -1136.54 -2900.79 2008 -1135.06 -2896.15 2008 -1136.81 -2895.34 2008.31 -1138.32 -2895.19 2008.59 -1140 -2895.41 2008.81 -1140 -2895.69 2008.81 -1141.56 -2896.48 2008.81 -1142.94 -2895.3 2008 -1138.3 -2895.05 2008.31 -1140 -2895.34 2008.31 -1141.68 -2895.48 2008.59 -1141.63 -2896.2 2008.31 -1143.17 -2896.31 2008.59 -1143.08 -2897.58 2008.59 -1144.16 -2897.69 2008.81 -1143.96 -2895 2008 -1140 -2895.3 2008 -1141.7 -2896.15 2008 -1143.19 -2897.46 2008 -1144.31 -2897.51 2008.31 -1144.28 -2900.67 2009 -1136.06 -2925.16 2009 -1138.01 -2900.67 2009 -1136.05 -2900.69 2008.98 -1135.86 -2925.18 2008.95 -1137.7 -2900.72 2008.92 -1135.67 -2925.21 2008.81 -1137.42 -2900.74 2008.83 -1135.5 -2900.76 2008.71 -1135.35 -2925.22 2008.59 -1137.2 -2900.77 2008.55 -1135.23 -2900.78 2008.38 -1135.14 -2925.23 2008.31 -1137.06 -2900.79 2008.19 -1135.08 -2925.24 2008 -1137.01 -2900.79 2008 -1135.06 -2925.16 2009 -1141.99 -2925.18 2008.95 -1142.3 -2925.8 2009 -1141.83 -2925.92 2008.95 -1142.12 -2926.35 2009 -1141.47 -2926.56 2008.95 -1141.7 -2926.76 2009 -1140.95 -2927.03 2008.95 -1141.1 -2926.97 2009 -1140.33 -2927.28 2008.95 -1140.38 -2926.97 2009 -1139.67 -2927.28 2008.95 -1139.62 -2926.76 2009 -1139.05 -2927.03 2008.95 -1138.9 -2926.35 2009 -1138.53 -2926.56 2008.95 -1138.3 -2925.8 2009 -1138.17 -2925.92 2008.95 -1137.88 -2925.16 2009 -1138.01 -2925.18 2008.95 -1137.7 -2926.03 2008.81 -1137.63 -2925.21 2008.81 -1137.42 -2926.12 2008.59 -1137.42 -2925.22 2008.59 -1137.2 -2926.18 2008.31 -1137.29 -2925.23 2008.31 -1137.06 -2926.2 2008 -1137.25 -2925.24 2008 -1137.01 -2925.21 2008.81 -1142.58 -2926.03 2008.81 -1142.37 -2926.75 2008.81 -1141.91 -2927.27 2008.81 -1141.23 -2927.55 2008.81 -1140.43 -2927.55 2008.81 -1139.57 -2927.27 2008.81 -1138.77 -2926.75 2008.81 -1138.09 -2925.22 2008.59 -1142.8 -2926.12 2008.59 -1142.58 -2926.9 2008.59 -1142.07 -2927.47 2008.59 -1141.34 -2927.77 2008.59 -1140.46 -2927.77 2008.59 -1139.54 -2927.47 2008.59 -1138.66 -2926.9 2008.59 -1137.93 -2925.23 2008.31 -1142.94 -2926.18 2008.31 -1142.71 -2926.99 2008.31 -1142.17 -2927.59 2008.31 -1141.41 -2927.91 2008.31 -1140.49 -2927.91 2008.31 -1139.51 -2927.59 2008.31 -1138.59 -2926.99 2008.31 -1137.83 -2925.24 2008 -1142.99 -2926.2 2008 -1142.75 -2927.03 2008 -1142.21 -2927.64 2008 -1141.43 -2927.96 2008 -1140.49 -2927.96 2008 -1139.51 -2927.64 2008 -1138.57 -2927.03 2008 -1137.79 -2900.79 2008 -1144.94 -2925.24 2008 -1142.99 -2900.79 2008.19 -1144.92 -2925.23 2008.31 -1142.94 -2900.78 2008.38 -1144.86 -2925.22 2008.59 -1142.8 -2900.77 2008.55 -1144.77 -2900.76 2008.71 -1144.65 -2925.21 2008.81 -1142.58 -2900.74 2008.83 -1144.5 -2900.72 2008.92 -1144.33 -2925.18 2008.95 -1142.3 -2900.69 2008.98 -1144.14 -2925.16 2009 -1141.99 -2900.67 2009 -1143.95 -2900.67 2009 -1143.94 -2925.24 2008 -1142.99 -2900.79 2008 -1144.94 -2925.24 2005 -1142.99 -2900.79 2005 -1144.94 -2895.3 2000 -1141.71 -2895.3 2008 -1141.7 -2895 2000 -1140 -2895 2008 -1140 -2895 2000 -1140 -2895 2008 -1140 -2895.3 2008 -1138.3 -2896.15 2008 -1143.19 -2896.17 2000 -1143.21 -2897.46 2008 -1144.31 -2897.5 2000 -1144.33 -2899.07 2008 -1144.91 -2899.13 2000 -1144.92 -2900.79 2008 -1144.94 -2900.79 2005 -1144.94 -2900.87 2000 -1144.92 -2902.28 2005 -1144.45 -2902.5 2000 -1144.33 -2903.54 2005 -1143.53 -2903.83 2000 -1143.21 -2904.46 2005 -1142.27 -2904.7 2000 -1141.71 -2904.94 2005 -1140.78 -2905 2000 -1140 -2904.94 2005 -1139.22 -2904.7 2000 -1138.29 -2904.46 2005 -1137.73 -2903.83 2000 -1136.79 -2903.54 2005 -1136.47 -2902.5 2000 -1135.67 -2902.28 2005 -1135.55 -2900.87 2000 -1135.08 -2900.79 2005 -1135.06 -2899.13 2000 -1135.08 -2899.07 2008 -1135.09 -2897.5 2000 -1135.67 -2897.46 2008 -1135.69 -2896.17 2000 -1136.79 -2896.15 2008 -1136.81 -2895.3 2000 -1138.29 -2900.79 2008 -1135.06 -2899.29 2009 -1136.06 -2897.99 2009 -1136.54 -2900.67 2009 -1136.06 -2896.93 2009 -1137.44 -2925.16 2009 -1138.01 -2896.24 2009 -1138.64 -2896 2009 -1140 -2896.24 2009 -1141.36 -2925.16 2009 -1141.99 -2926.97 2009 -1140.33 -2926.97 2009 -1139.67 -2896.93 2009 -1142.56 -2900.67 2009 -1143.94 -2897.99 2009 -1143.46 -2899.29 2009 -1143.94 -2925.8 2009 -1141.83 -2926.35 2009 -1141.47 -2926.76 2009 -1140.95 -2926.76 2009 -1139.05 -2926.35 2009 -1138.53 -2925.8 2009 -1138.17 -2925.24 2005 -1137.01 -2925.24 2008 -1137.01 -2926.2 2005 -1137.25 -2926.2 2008 -1137.25 -2927.03 2005 -1137.79 -2927.03 2008 -1137.79 -2927.64 2005 -1138.57 -2927.64 2008 -1138.57 -2927.96 2005 -1139.51 -2927.96 2008 -1139.51 -2927.96 2005 -1140.49 -2927.96 2008 -1140.49 -2927.64 2005 -1141.43 -2927.64 2008 -1141.43 -2927.03 2005 -1142.21 -2927.03 2008 -1142.21 -2926.2 2005 -1142.75 -2926.2 2008 -1142.75 -2925.24 2005 -1142.99 -2925.24 2008 -1142.99 -2900.79 2008 -1135.06 -2925.24 2008 -1137.01 -2900.79 2005 -1135.06 -2925.24 2005 -1137.01 -2900.79 2005 -1144.94 -2902.28 2005 -1144.45 -2925.24 2005 -1142.99 -2903.54 2005 -1143.53 -2904.46 2005 -1142.27 -2904.94 2005 -1140.78 -2927.96 2005 -1140.49 -2927.64 2005 -1141.43 -2927.96 2005 -1139.51 -2904.94 2005 -1139.22 -2925.24 2005 -1137.01 -2904.46 2005 -1137.73 -2903.54 2005 -1136.47 -2902.28 2005 -1135.55 -2900.79 2005 -1135.06 -2926.2 2005 -1137.25 -2927.03 2005 -1137.79 -2927.64 2005 -1138.57 -2927.03 2005 -1142.21 -2926.2 2005 -1142.75 -2880 2000 -1010 -3000 2000 -1010 -2880 2010 -1010 -3000 2010 -1010 -2880 2000 -1250 -2880 2000 -1010 -2880 2010 -1250 -2880 2010 -1010 -2880 1900 -1157 -2880 1900 -1250 -2880 1894.83 -1157 -2880 1890 -1250 -2880 1893.57 -1156.77 -2880 1892.45 -1156.2 -2880 1890.5 -1154.5 -2880 1890.5 -1145.5 -2880 1890 -1010 -2880 1892.45 -1143.8 -2880 1893.57 -1143.23 -2880 1894.83 -1143 -2880 1900 -1010 -2880 1900 -1143 -3000 2000 -1010 -3000 2000 -1250 -3000 2010 -1010 -3000 2010 -1250 -2860 2000 -990 -2860 2000 -1250 -2860 2010 -990 -2860 2010 -1250 -2926.7 2000 -990 -2860 2000 -990 -2926.7 2003 -990 -2860 2010 -990 -2931.7 2003 -990 -3020 2010 -990 -3020 2000 -990 -2931.7 2000 -990 -2860 1900 -990 -3020 1900 -990 -2860 1890 -990 -3020 1890 -990 -3020 1900 -990 -3020 1900 -1250 -3020 1890 -990 -3020 1890 -1250 -3000 1900 -1010 -2880 1900 -1010 -3000 1890 -1010 -2880 1890 -1010 -2926.7 2003 -990 -2926.7 2003 1248.1 -2926.7 2000 -990 -2926.7 2000 1248.93 -2926.7 2003 -990 -2931.7 2003 -990 -2926.7 2003 1248.1 -2931.7 2003 1248.1 -2931.7 2003 -990 -2931.7 2000 -990 -2931.7 2003 1248.1 -2931.7 2000 1248.93 100 1700 -100 100 1700 500 0 1700 -100 0 1700 500 100 -1673.91 500 100 -1700 500 0 -1673.91 500 0 -1700 500 0 1673.91 500 0 1700 500 100 1673.91 500 100 1700 500 100 -1700 500 100 -1700 -100 0 -1700 500 0 -1700 -100 0 -1700 -100 0 -1673.91 500 0 -1700 500 0 1673.91 500 0 1700 -100 0 1700 500 4003 19.4942 500 4000 19.4942 500 4003 19.4942 1794.63 4000 19.4942 1794.63 4003 205.165 500 4003 205.165 1743.47 4003 200.165 500 4003 200.165 1744.85 4003 -166.177 500 4000 -166.177 500 4003 -166.177 1754.3 4000 -166.177 1754.3 4003 205.165 500 4000 205.165 500 4003 205.165 1743.47 4000 205.165 1743.47 4003 390.836 500 4003 390.836 1692.31 4003 385.836 500 4003 385.836 1693.69 4003 -351.848 500 4000 -351.848 500 4003 -351.848 1703.24 4000 -351.848 1703.24 4003 390.836 500 4000 390.836 500 4003 390.836 1692.31 4000 390.836 1692.31 4003 576.507 500 4003 576.507 1641.15 4003 571.507 500 4003 571.507 1642.53 4003 -537.518 500 4000 -537.518 500 4003 -537.518 1652.18 4000 -537.518 1652.18 4003 576.507 500 4000 576.507 500 4003 576.507 1641.15 4000 576.507 1641.15 4003 762.178 500 4003 762.178 1589.99 4003 757.178 500 4003 757.178 1591.37 4003 -723.189 500 4000 -723.189 500 4003 -723.189 1601.12 4000 -723.189 1601.12 4003 762.178 500 4000 762.178 500 4003 762.178 1589.99 4000 762.178 1589.99 4003 947.849 500 4003 947.849 1538.83 4003 942.849 500 4003 942.849 1540.21 4003 -908.86 500 4000 -908.86 500 4003 -908.86 1550.06 4000 -908.86 1550.06 4003 947.849 500 4000 947.849 500 4003 947.849 1538.83 4000 947.849 1538.83 4003 1133.52 500 4003 1133.52 1487.67 4003 1128.52 500 4003 1128.52 1489.05 4003 -1094.53 500 4000 -1094.53 500 4003 -1094.53 1499 4000 -1094.53 1499 4003 1133.52 500 4000 1133.52 500 4003 1133.52 1487.67 4000 1133.52 1487.67 4003 1319.19 500 4003 1319.19 1436.51 4003 1314.19 500 4003 1314.19 1437.89 4003 -1280.2 500 4000 -1280.2 500 4003 -1280.2 1447.94 4000 -1280.2 1447.94 4003 1319.19 500 4000 1319.19 500 4003 1319.19 1436.51 4000 1319.19 1436.51 4003 1504.86 500 4003 1504.86 1385.36 4003 1499.86 500 4003 1499.86 1386.73 4003 -1465.87 500 4000 -1465.87 500 4003 -1465.87 1396.89 4000 -1465.87 1396.89 4003 1504.86 500 4000 1504.86 500 4003 1504.86 1385.36 4000 1504.86 1385.36 4003 1690.53 500 4003 1690.53 1334.2 4003 1685.53 500 4003 1685.53 1335.57 4003 1690.53 500 4000 1690.53 500 4003 1690.53 1334.2 4000 1690.53 1334.2 224.708 2000 1248.93 224.708 2003 1248.1 224.708 2000 -1250 224.708 2003 -1250 224.708 2003 1248.1 229.708 2003 1248.1 224.708 2003 -1250 229.708 2003 -1250 229.708 2000 1248.93 229.708 2000 -1250 229.708 2003 1248.1 229.708 2003 -1250 410.379 2000 1248.93 410.379 2003 1248.1 410.379 2000 -595 410.379 2003 -595 410.379 2003 1248.1 415.379 2003 1248.1 410.379 2003 -595 415.379 2003 -595 415.379 2000 1248.93 415.379 2000 -595 415.379 2003 1248.1 415.379 2003 -595 596.05 2000 1248.93 596.05 2003 1248.1 596.05 2000 -595 596.05 2003 -595 596.05 2003 1248.1 601.05 2003 1248.1 596.05 2003 -595 601.05 2003 -595 601.05 2000 1248.93 601.05 2000 -595 601.05 2003 1248.1 601.05 2003 -595 781.721 2000 1248.93 781.721 2003 1248.1 781.721 2000 -595 781.721 2003 -595 781.721 2003 1248.1 786.721 2003 1248.1 781.721 2003 -595 786.721 2003 -595 786.721 2000 1248.93 786.721 2000 -595 786.721 2003 1248.1 786.721 2003 -595 967.392 2000 1248.93 967.392 2003 1248.1 967.392 2000 -595 967.392 2003 -595 967.392 2003 1248.1 972.392 2003 1248.1 967.392 2003 -595 972.392 2003 -595 972.392 2000 1248.93 972.392 2000 -595 972.392 2003 1248.1 972.392 2003 -595 1153.06 2000 1248.93 1153.06 2003 1248.1 1153.06 2000 -1250 1153.06 2003 -1250 1153.06 2003 1248.1 1158.06 2003 1248.1 1153.06 2003 -1250 1158.06 2003 -1250 1158.06 2000 1248.93 1158.06 2000 -1250 1158.06 2003 1248.1 1158.06 2003 -1250 1338.73 2000 1248.93 1338.73 2003 1248.1 1338.73 2000 -595 1338.73 2003 -595 1338.73 2003 1248.1 1343.73 2003 1248.1 1338.73 2003 -595 1343.73 2003 -595 1343.73 2000 1248.93 1343.73 2000 -595 1343.73 2003 1248.1 1343.73 2003 -595 1524.4 2000 1248.93 1524.4 2003 1248.1 1524.4 2000 -595 1524.4 2003 -595 1524.4 2003 1248.1 1529.4 2003 1248.1 1524.4 2003 -595 1529.4 2003 -595 1529.4 2000 1248.93 1529.4 2000 -595 1529.4 2003 1248.1 1529.4 2003 -595 1710.08 2000 1248.93 1710.08 2003 1248.1 1710.08 2000 -595 1710.08 2003 -595 1710.08 2003 1248.1 1715.08 2003 1248.1 1710.08 2003 -595 1715.08 2003 -595 1715.08 2000 1248.93 1715.08 2000 -595 1715.08 2003 1248.1 1715.08 2003 -595 1895.75 2000 1248.93 1895.75 2003 1248.1 1895.75 2000 -595 1895.75 2003 -595 1895.75 2003 1248.1 1900.75 2003 1248.1 1895.75 2003 -595 1900.75 2003 -595 1900.75 2000 1248.93 1900.75 2000 -595 1900.75 2003 1248.1 1900.75 2003 -595 2081.42 2000 1248.93 2081.42 2003 1248.1 2081.42 2000 -1250 2081.42 2003 -1250 2081.42 2003 -1250 2081.42 2003 1248.1 2085 2003 -595 2086.42 2003 1248.1 2086.42 2003 -595 2085 2003 -1025 2086.42 2003 -1250 2086.42 2003 -1025 2086.42 2000 1248.93 2086.42 2000 -595 2086.42 2003 1248.1 2086.42 2003 -595 2267.09 2000 1248.93 2267.09 2003 1248.1 2267.09 2000 -595 2267.09 2003 -595 2267.09 2003 1248.1 2272.09 2003 1248.1 2267.09 2003 -595 2272.09 2003 -595 2272.09 2000 1248.93 2272.09 2000 -595 2272.09 2003 1248.1 2272.09 2003 -595 2452.76 2000 1248.93 2452.76 2003 1248.1 2452.76 2000 -595 2452.76 2003 -595 2452.76 2003 1248.1 2457.76 2003 1248.1 2452.76 2003 -595 2457.76 2003 -595 2457.76 2000 1248.93 2457.76 2000 -595 2457.76 2003 1248.1 2457.76 2003 -595 2638.43 2000 1248.93 2638.43 2003 1248.1 2638.43 2000 -595 2638.43 2003 -595 2638.43 2003 1248.1 2643.43 2003 1248.1 2638.43 2003 -595 2643.43 2003 -595 2643.43 2000 1248.93 2643.43 2000 -595 2643.43 2003 1248.1 2643.43 2003 -595 2824.1 2000 1248.93 2824.1 2003 1248.1 2824.1 2000 -1250 2824.1 2003 -1250 2824.1 2003 1248.1 2829.1 2003 1248.1 2824.1 2003 -1250 2829.1 2003 -1250 2829.1 2000 1248.93 2829.1 2000 -1250 2829.1 2003 1248.1 2829.1 2003 -1250 3009.77 2000 1248.93 3009.77 2003 1248.1 3009.77 2000 -595 3009.77 2003 -595 3009.77 2003 1248.1 3014.77 2003 1248.1 3009.77 2003 -595 3014.77 2003 -595 3014.77 2000 1248.93 3014.77 2000 -595 3014.77 2003 1248.1 3014.77 2003 -595 29.5697 -2003 1249.18 24.5697 -2003 1249.18 29.5697 -2003 -1250 24.5697 -2003 -1250 210.241 -2000 1250 210.241 -2000 -1250 210.241 -2003 1249.18 210.241 -2003 -1250 24.5697 -2000 1250 24.5697 -2000 -1250 24.5697 -2003 1249.18 24.5697 -2003 -1250 3195.44 2000 1248.93 3195.44 2003 1248.1 3195.44 2000 -595 3195.44 2003 -595 -156.101 -2003 1249.18 -161.101 -2003 1249.18 -156.101 -2003 -1250 -161.101 -2003 -1250 3195.44 2003 1248.1 3200.44 2003 1248.1 3195.44 2003 -595 3200.44 2003 -595 395.911 -2000 1250 395.911 -2000 -1250 395.911 -2003 1249.18 395.911 -2003 -1250 -161.101 -2000 1250 -161.101 -2000 -1250 -161.101 -2003 1249.18 -161.101 -2003 -1250 3200.44 2000 1248.93 3200.44 2000 -595 3200.44 2003 1248.1 3200.44 2003 -595 -341.772 -2003 1249.18 -346.772 -2003 1249.18 -341.772 -2003 -1250 -346.772 -2003 -1250 581.582 -2000 1250 581.582 -2000 -1250 581.582 -2003 1249.18 581.582 -2003 -1250 -346.772 -2000 1250 -346.772 -2000 -1250 -346.772 -2003 1249.18 -346.772 -2003 -1250 3381.11 2000 1248.93 3381.11 2003 1248.1 3381.11 2000 -595 3381.11 2003 -595 -527.443 -2003 1249.18 -532.443 -2003 1249.18 -527.443 -2003 -1250 -532.443 -2003 -1250 3381.11 2003 1248.1 3386.11 2003 1248.1 3381.11 2003 -595 3386.11 2003 -595 767.253 -2000 1250 767.253 -2000 -1250 767.253 -2003 1249.18 767.253 -2003 -1250 -532.443 -2000 1250 -532.443 -2000 -1250 -532.443 -2003 1249.18 -532.443 -2003 -1250 3386.11 2000 1248.93 3386.11 2000 -595 3386.11 2003 1248.1 3386.11 2003 -595 -713.114 -2003 1249.18 -718.114 -2003 1249.18 -713.114 -2003 -1250 -718.114 -2003 -1250 952.924 -2000 1250 952.924 -2000 -1250 952.924 -2003 1249.18 952.924 -2003 -1250 -718.114 -2000 1250 -718.114 -2000 -1250 -718.114 -2003 1249.18 -718.114 -2003 -1250 3566.78 2000 1248.93 3566.78 2003 1248.1 3566.78 2000 -595 3566.78 2003 -595 -898.785 -2003 1249.18 -903.785 -2003 1249.18 -898.785 -2003 -1250 -903.785 -2003 -1250 3566.78 2003 1248.1 3571.78 2003 1248.1 3566.78 2003 -595 3571.78 2003 -595 1138.59 -2000 1250 1138.59 -2000 -1250 1138.59 -2003 1249.18 1138.59 -2003 -1250 -903.785 -2000 1250 -903.785 -2000 -1250 -903.785 -2003 1249.18 -903.785 -2003 -1250 3571.78 2000 1248.93 3571.78 2000 -595 3571.78 2003 1248.1 3571.78 2003 -595 -1084.46 -2003 1249.18 -1089.46 -2003 1249.18 -1084.46 -2003 -1250 -1089.46 -2003 -1250 1324.27 -2000 1250 1324.27 -2000 -1250 1324.27 -2003 1249.18 1324.27 -2003 -1250 -1089.46 -2000 1250 -1089.46 -2000 -1250 -1089.46 -2003 1249.18 -1089.46 -2003 -1250 3752.46 2000 1248.93 3752.46 2003 1248.1 3752.46 2000 -1250 3752.46 2003 -1250 -1270.13 -2003 1249.18 -1275.13 -2003 1249.18 -1270.13 -2003 -1250 -1275.13 -2003 -1250 3752.46 2003 1248.1 3757.46 2003 1248.1 3752.46 2003 -1250 3757.46 2003 -1250 1509.94 -2000 1250 1509.94 -2000 -1250 1509.94 -2003 1249.18 1509.94 -2003 -1250 -1275.13 -2000 1250 -1275.13 -2000 -1250 -1275.13 -2003 1249.18 -1275.13 -2003 -1250 3757.46 2000 1248.93 3757.46 2000 -1250 3757.46 2003 1248.1 3757.46 2003 -1250 -1455.8 -2003 1249.18 -1460.8 -2003 1249.18 -1455.8 -2003 -1250 -1460.8 -2003 -1250 1695.61 -2000 1250 1695.61 -2000 -1250 1695.61 -2003 1249.18 1695.61 -2003 -1250 -1460.8 -2000 1250 -1460.8 -2000 -1250 -1460.8 -2003 1249.18 -1460.8 -2003 -1250 3938.13 2000 1248.93 3938.13 2003 1248.1 3938.13 2000 -1250 3938.13 2003 -1250 -1641.47 -2003 1249.18 -1646.47 -2003 1249.18 -1641.47 -2003 -1250 -1646.47 -2003 -1250 3938.13 2003 1248.1 3943.13 2003 1248.1 3938.13 2003 -1250 3943.13 2003 -1250 1881.28 -2000 1250 1881.28 -2000 -1250 1881.28 -2003 1249.18 1881.28 -2003 -1250 -1646.47 -2000 1250 -1646.47 -2000 -1250 -1646.47 -2003 1249.18 -1646.47 -2003 -1250 3943.13 2000 1248.93 3943.13 2000 -1250 3943.13 2003 1248.1 3943.13 2003 -1250 -1827.14 -2003 1249.18 -1832.14 -2003 1249.18 -1827.14 -2003 -1250 -1832.14 -2003 -1250 2066.95 -2000 1250 2066.95 -2000 -1250 2066.95 -2003 1249.18 2066.95 -2003 -1250 -1832.14 -2000 1250 -1832.14 -2000 -1250 -1832.14 -2003 1249.18 -1832.14 -2003 -1250 -2012.81 -2003 1249.18 -2017.81 -2003 1249.18 -2012.81 -2003 -1250 -2017.81 -2003 -1250 4000 1876.2 1283.04 4003 1876.2 1283.04 4000 1876.2 -1250 4003 1876.2 -1250 2252.62 -2000 1250 2252.62 -2000 -1250 2252.62 -2003 1249.18 2252.62 -2003 -1250 -2017.81 -2000 1250 -2017.81 -2000 -1250 -2017.81 -2003 1249.18 -2017.81 -2003 -1250 4003 1871.2 1284.42 4003 1871.2 -1250 4003 1876.2 1283.04 4003 1876.2 -1250 -2198.48 -2003 1249.18 -2203.48 -2003 1249.18 -2198.48 -2003 -1250 -2203.48 -2003 -1250 4003 1871.2 1284.42 4000 1871.2 1284.42 4003 1871.2 -1250 4000 1871.2 -1250 2438.29 -2000 1250 2438.29 -2000 -1250 2438.29 -2003 1249.18 2438.29 -2003 -1250 -2203.48 -2000 1250 -2203.48 -2000 -1250 -2203.48 -2003 1249.18 -2203.48 -2003 -1250 -2384.15 -2003 1249.18 -2389.15 -2003 1249.18 -2384.15 -2003 -1250 -2389.15 -2003 -1250 2623.96 -2000 1250 2623.96 -2000 -1250 2623.96 -2003 1249.18 2623.96 -2003 -1250 -2389.15 -2000 1250 -2389.15 -2000 -1250 -2389.15 -2003 1249.18 -2389.15 -2003 -1250 -2569.82 -2003 1249.18 -2574.82 -2003 1249.18 -2569.82 -2003 -1250 -2574.82 -2003 -1250 4000 1685.53 500 4003 1685.53 500 4000 1685.53 1335.57 4003 1685.53 1335.57 2809.63 -2000 1250 2809.63 -2000 -1250 2809.63 -2003 1249.18 2809.63 -2003 -1250 -2574.82 -2000 1250 -2574.82 -2000 -1250 -2574.82 -2003 1249.18 -2574.82 -2003 -1250 -2755.49 -2003 1249.18 -2760.49 -2003 1249.18 -2755.49 -2003 -1250 -2760.49 -2003 -1250 2995.3 -2000 1250 2995.3 -2000 -1250 2995.3 -2003 1249.18 2995.3 -2003 -1250 -2760.49 -2000 1250 -2760.49 -2000 -1250 -2760.49 -2003 1249.18 -2760.49 -2003 -1250 -2941.16 -2003 1249.18 -2946.16 -2003 1249.18 -2941.16 -2003 -1250 -2946.16 -2003 -1250 4000 1499.86 500 4003 1499.86 500 4000 1499.86 1386.73 4003 1499.86 1386.73 3180.97 -2000 1250 3180.97 -2000 -1250 3180.97 -2003 1249.18 3180.97 -2003 -1250 -2946.16 -2000 1250 -2946.16 -2000 -1250 -2946.16 -2003 1249.18 -2946.16 -2003 -1250 -3126.84 -2003 1249.18 -3131.84 -2003 1249.18 -3126.84 -2003 -1250 -3131.84 -2003 -1250 3366.65 -2000 1250 3366.65 -2000 -1250 3366.65 -2003 1249.18 3366.65 -2003 -1250 -3131.84 -2000 1250 -3131.84 -2000 -1250 -3131.84 -2003 1249.18 -3131.84 -2003 -1250 -3312.51 -2003 1249.18 -3317.51 -2003 1249.18 -3312.51 -2003 -1250 -3317.51 -2003 -1250 4000 1314.19 500 4003 1314.19 500 4000 1314.19 1437.89 4003 1314.19 1437.89 3552.32 -2000 1250 3552.32 -2000 -1250 3552.32 -2003 1249.18 3552.32 -2003 -1250 -3317.51 -2000 1250 -3317.51 -2000 -1250 -3317.51 -2003 1249.18 -3317.51 -2003 -1250 -3498.18 -2003 1249.18 -3503.18 -2003 1249.18 -3498.18 -2003 -1250 -3503.18 -2003 -1250 3737.99 -2000 1250 3737.99 -2000 -1250 3737.99 -2003 1249.18 3737.99 -2003 -1250 -3503.18 -2000 1250 -3503.18 -2000 -1250 -3503.18 -2003 1249.18 -3503.18 -2003 -1250 -3683.85 -2003 1249.18 -3688.85 -2003 1249.18 -3683.85 -2003 -1250 -3688.85 -2003 -1250 4000 1128.52 500 4003 1128.52 500 4000 1128.52 1489.05 4003 1128.52 1489.05 3923.66 -2000 1250 3923.66 -2000 -1250 3923.66 -2003 1249.18 3923.66 -2003 -1250 -3688.85 -2000 1250 -3688.85 -2000 -1250 -3688.85 -2003 1249.18 -3688.85 -2003 -1250 -3869.52 -2003 1249.18 -3874.52 -2003 1249.18 -3869.52 -2003 -1250 -3874.52 -2003 -1250 -3874.52 -2000 1250 -3874.52 -2000 -1250 -3874.52 -2003 1249.18 -3874.52 -2003 -1250 4003 -1890.67 1280.07 4000 -1890.67 1280.07 4003 -1890.67 -1250 4000 -1890.67 -1250 4000 942.849 500 4003 942.849 500 4000 942.849 1540.21 4003 942.849 1540.21 -4003 -1939.81 1266.55 -4003 -1939.81 -1250 -4003 -1944.81 1265.18 -4003 -1944.81 -1250 4003 -1705 1331.13 4000 -1705 1331.13 4003 -1705 -1250 4000 -1705 -1250 -4003 -1939.81 1266.55 -4000 -1939.81 1266.55 -4003 -1939.81 -1250 -4000 -1939.81 -1250 -4003 -1754.14 1317.61 -4003 -1754.14 -1250 -4003 -1759.14 1316.24 -4003 -1759.14 -1250 -4003 -1754.14 1317.61 -4000 -1754.14 1317.61 -4003 -1754.14 -1250 -4000 -1754.14 -1250 4000 757.178 500 4003 757.178 500 4000 757.178 1591.37 4003 757.178 1591.37 -4003 -1568.47 1368.67 -4003 -1568.47 -1250 -4003 -1573.47 1367.3 -4003 -1573.47 -1250 4000 -1470.87 500 4003 -1470.87 500 4000 -1470.87 1395.51 4003 -1470.87 1395.51 -4003 -1568.47 1368.67 -4000 -1568.47 1368.67 -4003 -1568.47 -1250 -4000 -1568.47 -1250 -4003 -1382.8 1419.73 -4003 -1382.8 -1250 -4003 -1387.8 1418.36 -4003 -1387.8 -1250 4000 -1285.2 500 4003 -1285.2 500 4000 -1285.2 1446.57 4003 -1285.2 1446.57 -4003 -1382.8 1419.73 -4000 -1382.8 1419.73 -4003 -1382.8 -1250 -4000 -1382.8 -1250 4000 571.507 500 4003 571.507 500 4000 571.507 1642.53 4003 571.507 1642.53 -4003 -1197.13 1470.79 -4003 -1197.13 -1250 -4003 -1202.13 1469.42 -4003 -1202.13 -1250 4000 -1099.53 500 4003 -1099.53 500 4000 -1099.53 1497.63 4003 -1099.53 1497.63 -4003 -1197.13 1470.79 -4000 -1197.13 1470.79 -4003 -1197.13 -1250 -4000 -1197.13 -1250 -4003 -1011.46 1521.85 -4003 -1011.46 -1250 -4003 -1016.46 1520.47 -4003 -1016.46 -1250 4000 -913.86 500 4003 -913.86 500 4000 -913.86 1548.69 4003 -913.86 1548.69 -4003 -1011.46 1521.85 -4000 -1011.46 1521.85 -4003 -1011.46 -1250 -4000 -1011.46 -1250 4000 385.836 500 4003 385.836 500 4000 385.836 1693.69 4003 385.836 1693.69 -4003 -825.785 1572.91 -4003 -825.785 -1250 -4003 -830.785 1571.53 -4003 -830.785 -1250 4000 -728.189 500 4003 -728.189 500 4000 -728.189 1599.75 4003 -728.189 1599.75 -4003 -825.785 1572.91 -4000 -825.785 1572.91 -4003 -825.785 -1250 -4000 -825.785 -1250 -4003 -640.114 1623.97 -4003 -640.114 -1250 -4003 -645.114 1622.59 -4003 -645.114 -1250 4000 -542.518 500 4003 -542.518 500 4000 -542.518 1650.81 4003 -542.518 1650.81 -4003 -640.114 1623.97 -4000 -640.114 1623.97 -4003 -640.114 -1250 -4000 -640.114 -1250 4000 200.165 500 4003 200.165 500 4000 200.165 1744.85 4003 200.165 1744.85 -4003 -454.443 1675.03 -4003 -454.443 -1250 -4003 -459.443 1673.65 -4003 -459.443 -1250 4000 -356.848 500 4003 -356.848 500 4000 -356.848 1701.87 4003 -356.848 1701.87 -4003 -454.443 1675.03 -4000 -454.443 1675.03 -4003 -454.443 -1250 -4000 -454.443 -1250 -4003 -268.772 1726.09 -4003 -268.772 -1250 -4003 -273.772 1724.71 -4003 -273.772 -1250 4003 19.4942 500 4003 19.4942 1794.63 4003 14.4942 500 4003 14.4942 1796.01 4000 -171.177 500 4003 -171.177 500 4000 -171.177 1752.93 4003 -171.177 1752.93 -4003 -268.772 1726.09 -4000 -268.772 1726.09 -4003 -268.772 -1250 -4000 -268.772 -1250 4000 14.4942 500 4003 14.4942 500 4000 14.4942 1796.01 4003 14.4942 1796.01 -4003 -83.1015 1777.15 -4003 -83.1015 -1250 -4003 -88.1015 1775.77 -4003 -88.1015 -1250 -4003 -83.1015 1777.15 -4000 -83.1015 1777.15 -4003 -83.1015 -1250 -4000 -83.1015 -1250 3365 1890 -1010 3700 1890 -1010 3365 2010 -1010 3700 2010 -1010 3335 2010 -1010 3000 2010 -1010 3335 1890 -1010 3000 1890 -1010 3365 2010 -610 3700 2010 -610 3365 1890 -610 3700 1890 -610 665 1890 -1010 1000 1890 -1010 665 2010 -1010 1000 2010 -1010 635 2010 -1010 300 2010 -1010 635 1890 -1010 300 1890 -1010 665 2010 -610 1000 2010 -610 665 1890 -610 1000 1890 -610 635 1890 -610 300 1890 -610 635 2010 -610 300 2010 -610 2435 2010 -1010 2100 2010 -1010 2435 1890 -1010 2100 1890 -1010 2435 1890 -610 2100 1890 -610 2435 2010 -610 2100 2010 -610 2465 2010 -610 2800 2010 -610 2465 1890 -610 2800 1890 -610 1565 1890 -1010 1900 1890 -1010 1565 2010 -1010 1900 2010 -1010 1535 2010 -1010 1200 2010 -1010 1535 1890 -1010 1200 1890 -1010 1565 2010 -610 1900 2010 -610 1565 1890 -610 1900 1890 -610 1535 1890 -1010 1535 1890 -610 1535 2010 -1010 1535 2010 -610 3335 1890 -1010 3335 1890 -610 3335 2010 -1010 3335 2010 -610 2465 1890 -610 2465 1890 -1010 2465 2010 -610 2465 2010 -1010 665 1890 -610 665 1890 -1010 665 2010 -610 665 2010 -1010 1565 1890 -610 1565 1890 -1010 1565 2010 -610 1565 2010 -1010 3365 1890 -610 3365 1890 -1010 3365 2010 -610 3365 2010 -1010 2435 1890 -1010 2435 1890 -610 2435 2010 -1010 2435 2010 -610 635 1890 -1010 635 1890 -610 635 2010 -1010 635 2010 -610 1000 1890 -1010 1000 1890 -610 1000 2010 -1010 1000 2010 -610 972.392 2000 -1025 972.392 2003 -1025 1015 2000 -1025 1015 2010 -1025 967.392 2003 -1025 786.721 2003 -1025 786.721 2000 -1025 967.392 2000 -1025 781.721 2003 -1025 601.05 2003 -1025 285 2010 -1025 596.05 2003 -1025 415.379 2003 -1025 415.379 2000 -1025 596.05 2000 -1025 781.721 2000 -1025 601.05 2000 -1025 410.379 2003 -1025 285 2000 -1025 410.379 2000 -1025 285 1900 -1025 1015 1900 -1025 285 1890 -1025 1015 1890 -1025 1015 2000 -595 1015 2000 -1025 1015 2010 -595 1015 2010 -1025 972.392 2000 -595 1015 2000 -595 972.392 2003 -595 1015 2010 -595 967.392 2003 -595 786.721 2003 -595 967.392 2000 -595 786.721 2000 -595 285 2010 -595 601.05 2003 -595 781.721 2003 -595 285 2000 -595 410.379 2003 -595 415.379 2003 -595 596.05 2003 -595 596.05 2000 -595 415.379 2000 -595 410.379 2000 -595 601.05 2000 -595 781.721 2000 -595 285 2000 -1025 285 2000 -595 285 2010 -1025 285 2010 -595 285 1900 -595 285 1900 -1025 285 1890 -595 285 1890 -1025 1000 2010 -1010 1015 2010 -1025 665 2010 -1010 285 2010 -1025 635 2010 -1010 300 2010 -1010 285 2010 -595 300 2010 -610 635 2010 -610 665 2010 -610 1000 2010 -610 1015 2010 -595 300 1890 -610 300 1890 -1010 300 2010 -610 300 2010 -1010 1015 1900 -595 285 1900 -595 1015 1890 -595 285 1890 -595 1015 1900 -1025 1015 1900 -595 1015 1890 -1025 1015 1890 -595 300 1890 -1010 285 1890 -1025 635 1890 -1010 665 1890 -1010 665 1890 -610 300 1890 -610 285 1890 -595 635 1890 -610 1015 1890 -595 1000 1890 -610 1000 1890 -1010 1015 1890 -1025 972.392 2003 -1025 972.392 2000 -1025 972.392 2003 -1250 972.392 2000 -1250 967.392 2003 -1025 972.392 2003 -1025 967.392 2003 -1250 972.392 2003 -1250 967.392 2000 -1025 967.392 2003 -1025 967.392 2000 -1250 967.392 2003 -1250 786.721 2003 -1025 786.721 2000 -1025 786.721 2003 -1250 786.721 2000 -1250 781.721 2003 -1025 786.721 2003 -1025 781.721 2003 -1250 786.721 2003 -1250 781.721 2000 -1025 781.721 2003 -1025 781.721 2000 -1250 781.721 2003 -1250 601.05 2003 -1025 601.05 2000 -1025 601.05 2003 -1250 601.05 2000 -1250 596.05 2003 -1025 601.05 2003 -1025 596.05 2003 -1250 601.05 2003 -1250 596.05 2000 -1025 596.05 2003 -1025 596.05 2000 -1250 596.05 2003 -1250 415.379 2003 -1025 415.379 2000 -1025 415.379 2003 -1250 415.379 2000 -1250 410.379 2003 -1025 415.379 2003 -1025 410.379 2003 -1250 415.379 2003 -1250 410.379 2000 -1025 410.379 2003 -1025 410.379 2000 -1250 410.379 2003 -1250 3335 1890 -610 3000 1890 -610 3335 2010 -610 3000 2010 -610 3700 1890 -1010 3700 1890 -610 3700 2010 -1010 3700 2010 -610 3571.78 2000 -595 3715 2000 -595 3571.78 2003 -595 3715 2010 -595 3566.78 2003 -595 3386.11 2003 -595 3566.78 2000 -595 3386.11 2000 -595 3381.11 2003 -595 2985 2010 -595 3200.44 2003 -595 3195.44 2003 -595 3014.77 2003 -595 3195.44 2000 -595 3014.77 2000 -595 3009.77 2003 -595 2985 2000 -595 3009.77 2000 -595 3200.44 2000 -595 3381.11 2000 -595 3715 1900 -595 2985 1900 -595 3715 1890 -595 2985 1890 -595 3715 2000 -595 3715 2000 -1025 3715 2010 -595 3715 2010 -1025 3571.78 2000 -1025 3571.78 2003 -1025 3715 2000 -1025 3715 2010 -1025 3566.78 2003 -1025 3386.11 2003 -1025 3386.11 2000 -1025 3566.78 2000 -1025 3381.11 2003 -1025 2985 2010 -1025 3200.44 2003 -1025 3195.44 2003 -1025 3381.11 2000 -1025 3200.44 2000 -1025 3195.44 2000 -1025 3014.77 2000 -1025 3014.77 2003 -1025 3009.77 2003 -1025 2985 2000 -1025 3009.77 2000 -1025 2985 2000 -1025 2985 2000 -595 2985 2010 -1025 2985 2010 -595 2985 1900 -595 2985 1900 -1025 2985 1890 -595 2985 1890 -1025 3700 2010 -1010 3715 2010 -1025 3365 2010 -1010 2985 2010 -1025 3335 2010 -1010 3000 2010 -1010 2985 2010 -595 3000 2010 -610 3335 2010 -610 3365 2010 -610 3700 2010 -610 3715 2010 -595 3000 1890 -610 3000 1890 -1010 3000 2010 -610 3000 2010 -1010 3715 1900 -1025 3715 1900 -595 3715 1890 -1025 3715 1890 -595 2985 1900 -1025 3715 1900 -1025 2985 1890 -1025 3715 1890 -1025 3000 1890 -1010 2985 1890 -1025 3335 1890 -1010 3365 1890 -1010 3365 1890 -610 3000 1890 -610 2985 1890 -595 3335 1890 -610 3715 1890 -595 3700 1890 -610 3700 1890 -1010 3715 1890 -1025 3571.78 2003 -1025 3571.78 2000 -1025 3571.78 2003 -1250 3571.78 2000 -1250 3566.78 2003 -1025 3571.78 2003 -1025 3566.78 2003 -1250 3571.78 2003 -1250 3566.78 2000 -1025 3566.78 2003 -1025 3566.78 2000 -1250 3566.78 2003 -1250 3386.11 2003 -1025 3386.11 2000 -1025 3386.11 2003 -1250 3386.11 2000 -1250 3381.11 2003 -1025 3386.11 2003 -1025 3381.11 2003 -1250 3386.11 2003 -1250 3381.11 2000 -1025 3381.11 2003 -1025 3381.11 2000 -1250 3381.11 2003 -1250 3200.44 2003 -1025 3200.44 2000 -1025 3200.44 2003 -1250 3200.44 2000 -1250 3195.44 2003 -1025 3200.44 2003 -1025 3195.44 2003 -1250 3200.44 2003 -1250 3195.44 2000 -1025 3195.44 2003 -1025 3195.44 2000 -1250 3195.44 2003 -1250 3014.77 2003 -1025 3014.77 2000 -1025 3014.77 2003 -1250 3014.77 2000 -1250 3009.77 2003 -1025 3014.77 2003 -1025 3009.77 2003 -1250 3014.77 2003 -1250 3009.77 2000 -1025 3009.77 2003 -1025 3009.77 2000 -1250 3009.77 2003 -1250 1535 1890 -610 1200 1890 -610 1535 2010 -610 1200 2010 -610 1900 1890 -1010 1900 1890 -610 1900 2010 -1010 1900 2010 -610 1900.75 2000 -1025 1900.75 2003 -1025 1915 2000 -1025 1915 2010 -1025 1895.75 2003 -1025 1715.08 2003 -1025 1715.08 2000 -1025 1895.75 2000 -1025 1710.08 2003 -1025 1529.4 2003 -1025 1185 2010 -1025 1524.4 2003 -1025 1343.73 2003 -1025 1343.73 2000 -1025 1524.4 2000 -1025 1710.08 2000 -1025 1529.4 2000 -1025 1338.73 2003 -1025 1185 2000 -1025 1338.73 2000 -1025 1185 1900 -1025 1915 1900 -1025 1185 1890 -1025 1915 1890 -1025 1915 2000 -595 1915 2000 -1025 1915 2010 -595 1915 2010 -1025 1900.75 2000 -595 1915 2000 -595 1900.75 2003 -595 1915 2010 -595 1895.75 2003 -595 1715.08 2003 -595 1895.75 2000 -595 1715.08 2000 -595 1185 2010 -595 1529.4 2003 -595 1710.08 2003 -595 1185 2000 -595 1338.73 2003 -595 1343.73 2003 -595 1524.4 2003 -595 1524.4 2000 -595 1343.73 2000 -595 1338.73 2000 -595 1529.4 2000 -595 1710.08 2000 -595 1185 2000 -1025 1185 2000 -595 1185 2010 -1025 1185 2010 -595 1185 1900 -595 1185 1900 -1025 1185 1890 -595 1185 1890 -1025 1900 2010 -1010 1915 2010 -1025 1565 2010 -1010 1185 2010 -1025 1535 2010 -1010 1200 2010 -1010 1185 2010 -595 1200 2010 -610 1535 2010 -610 1565 2010 -610 1900 2010 -610 1915 2010 -595 1200 1890 -610 1200 1890 -1010 1200 2010 -610 1200 2010 -1010 1915 1900 -595 1185 1900 -595 1915 1890 -595 1185 1890 -595 1915 1900 -1025 1915 1900 -595 1915 1890 -1025 1915 1890 -595 1200 1890 -1010 1185 1890 -1025 1535 1890 -1010 1565 1890 -1010 1565 1890 -610 1200 1890 -610 1185 1890 -595 1535 1890 -610 1915 1890 -595 1900 1890 -610 1900 1890 -1010 1915 1890 -1025 1900.75 2003 -1025 1900.75 2000 -1025 1900.75 2003 -1250 1900.75 2000 -1250 1895.75 2003 -1025 1900.75 2003 -1025 1895.75 2003 -1250 1900.75 2003 -1250 1895.75 2000 -1025 1895.75 2003 -1025 1895.75 2000 -1250 1895.75 2003 -1250 1715.08 2003 -1025 1715.08 2000 -1025 1715.08 2003 -1250 1715.08 2000 -1250 1710.08 2003 -1025 1715.08 2003 -1025 1710.08 2003 -1250 1715.08 2003 -1250 1710.08 2000 -1025 1710.08 2003 -1025 1710.08 2000 -1250 1710.08 2003 -1250 1529.4 2003 -1025 1529.4 2000 -1025 1529.4 2003 -1250 1529.4 2000 -1250 1524.4 2003 -1025 1529.4 2003 -1025 1524.4 2003 -1250 1529.4 2003 -1250 1524.4 2000 -1025 1524.4 2003 -1025 1524.4 2000 -1250 1524.4 2003 -1250 1343.73 2003 -1025 1343.73 2000 -1025 1343.73 2003 -1250 1343.73 2000 -1250 1338.73 2003 -1025 1343.73 2003 -1025 1338.73 2003 -1250 1343.73 2003 -1250 1338.73 2000 -1025 1338.73 2003 -1025 1338.73 2000 -1250 1338.73 2003 -1250 2800 1890 -1010 2800 1890 -610 2800 2010 -1010 2800 2010 -610 2465 1890 -1010 2800 1890 -1010 2465 2010 -1010 2800 2010 -1010 2100 2010 -1010 2100 2010 -610 2100 1890 -1010 2100 1890 -610 2643.43 2000 -595 2815 2000 -595 2643.43 2003 -595 2815 2010 -595 2638.43 2003 -595 2457.76 2003 -595 2638.43 2000 -595 2457.76 2000 -595 2452.76 2003 -595 2085 2010 -595 2272.09 2003 -595 2267.09 2003 -595 2086.42 2003 -595 2267.09 2000 -595 2086.42 2000 -595 2085 2003 -595 2272.09 2000 -595 2452.76 2000 -595 2815 1900 -595 2085 1900 -595 2815 1890 -595 2085 1890 -595 2815 2000 -595 2815 2000 -1025 2815 2010 -595 2815 2010 -1025 2643.43 2000 -1025 2643.43 2003 -1025 2815 2000 -1025 2815 2010 -1025 2638.43 2003 -1025 2457.76 2003 -1025 2457.76 2000 -1025 2638.43 2000 -1025 2452.76 2003 -1025 2085 2010 -1025 2272.09 2003 -1025 2267.09 2003 -1025 2452.76 2000 -1025 2272.09 2000 -1025 2267.09 2000 -1025 2086.42 2000 -1025 2086.42 2003 -1025 2085 2003 -1025 2085 2003 -1025 2085 2003 -595 2085 2010 -1025 2085 2010 -595 2085 1900 -595 2085 1900 -1025 2085 1890 -595 2085 1890 -1025 2800 2010 -1010 2815 2010 -1025 2465 2010 -1010 2085 2010 -1025 2435 2010 -1010 2100 2010 -1010 2085 2010 -595 2100 2010 -610 2435 2010 -610 2465 2010 -610 2800 2010 -610 2815 2010 -595 2815 1900 -1025 2815 1900 -595 2815 1890 -1025 2815 1890 -595 2085 1900 -1025 2815 1900 -1025 2085 1890 -1025 2815 1890 -1025 2100 1890 -1010 2085 1890 -1025 2435 1890 -1010 2465 1890 -1010 2465 1890 -610 2100 1890 -610 2085 1890 -595 2435 1890 -610 2815 1890 -595 2800 1890 -610 2800 1890 -1010 2815 1890 -1025 2643.43 2003 -1025 2643.43 2000 -1025 2643.43 2003 -1250 2643.43 2000 -1250 2638.43 2003 -1025 2643.43 2003 -1025 2638.43 2003 -1250 2643.43 2003 -1250 2638.43 2000 -1025 2638.43 2003 -1025 2638.43 2000 -1250 2638.43 2003 -1250 2457.76 2003 -1025 2457.76 2000 -1025 2457.76 2003 -1250 2457.76 2000 -1250 2452.76 2003 -1025 2457.76 2003 -1025 2452.76 2003 -1250 2457.76 2003 -1250 2452.76 2000 -1025 2452.76 2003 -1025 2452.76 2000 -1250 2452.76 2003 -1250 2272.09 2003 -1025 2272.09 2000 -1025 2272.09 2003 -1250 2272.09 2000 -1250 2086.42 2003 -1025 2086.42 2000 -1025 2086.42 2003 -1250 2086.42 2000 -1250 2267.09 2003 -1025 2272.09 2003 -1025 2267.09 2003 -1250 2272.09 2003 -1250 2267.09 2000 -1025 2267.09 2003 -1025 2267.09 2000 -1250 2267.09 2003 -1250 4003 -1470.87 500 4003 -1465.87 500 4003 -1470.87 1395.51 4003 -1465.87 1396.89 4003 -1285.2 500 4003 -1280.2 500 4003 -1285.2 1446.57 4003 -1280.2 1447.94 4003 -1099.53 500 4003 -1094.53 500 4003 -1099.53 1497.63 4003 -1094.53 1499 4003 -913.86 500 4003 -908.86 500 4003 -913.86 1548.69 4003 -908.86 1550.06 4003 -728.189 500 4003 -723.189 500 4003 -728.189 1599.75 4003 -723.189 1601.12 4003 -542.518 500 4003 -537.518 500 4003 -542.518 1650.81 4003 -537.518 1652.18 4003 -356.848 500 4003 -351.848 500 4003 -356.848 1701.87 4003 -351.848 1703.24 4003 -171.177 500 4003 -166.177 500 4003 -171.177 1752.93 4003 -166.177 1754.3 39.0376 2000 1248.93 39.0376 2003 1248.1 39.0376 2000 -1250 39.0376 2003 -1250 39.0376 2003 1248.1 44.0376 2003 1248.1 39.0376 2003 -1250 44.0376 2003 -1250 44.0376 2000 1248.93 44.0376 2000 -1250 44.0376 2003 1248.1 44.0376 2003 -1250 -146.633 2000 1248.93 -146.633 2003 1248.1 -146.633 2000 -1250 -146.633 2003 -1250 -146.633 2003 1248.1 -141.633 2003 1248.1 -146.633 2003 -1250 -141.633 2003 -1250 -141.633 2000 1248.93 -141.633 2000 -1250 -141.633 2003 1248.1 -141.633 2003 -1250 -332.304 2000 1248.93 -332.304 2003 1248.1 -332.304 2000 -1250 -332.304 2003 -1250 -332.304 2003 1248.1 -327.304 2003 1248.1 -332.304 2003 -1250 -327.304 2003 -1250 -327.304 2000 1248.93 -327.304 2000 -1250 -327.304 2003 1248.1 -327.304 2003 -1250 -517.975 2000 1248.93 -517.975 2003 1248.1 -517.975 2000 -1250 -517.975 2003 -1250 -517.975 2003 1248.1 -512.975 2003 1248.1 -517.975 2003 -1250 -512.975 2003 -1250 -512.975 2000 1248.93 -512.975 2000 -1250 -512.975 2003 1248.1 -512.975 2003 -1250 -703.646 2000 1248.93 -703.646 2003 1248.1 -703.646 2000 -1250 -703.646 2003 -1250 -703.646 2003 1248.1 -698.646 2003 1248.1 -703.646 2003 -1250 -698.646 2003 -1250 -698.646 2000 1248.93 -698.646 2000 -1250 -698.646 2003 1248.1 -698.646 2003 -1250 -889.317 2000 1248.93 -889.317 2003 1248.1 -889.317 2000 -1250 -889.317 2003 -1250 -889.317 2003 1248.1 -884.317 2003 1248.1 -889.317 2003 -1250 -884.317 2003 -1250 -884.317 2000 1248.93 -884.317 2000 -1250 -884.317 2003 1248.1 -884.317 2003 -1250 -1074.99 2000 1248.93 -1074.99 2003 1248.1 -1074.99 2000 -1250 -1074.99 2003 -1250 -1074.99 2003 1248.1 -1069.99 2003 1248.1 -1074.99 2003 -1250 -1069.99 2003 -1250 -1069.99 2000 1248.93 -1069.99 2000 -1250 -1069.99 2003 1248.1 -1069.99 2003 -1250 -1260.66 2000 1248.93 -1260.66 2003 1248.1 -1260.66 2000 -1250 -1260.66 2003 -1250 -1260.66 2003 1248.1 -1255.66 2003 1248.1 -1260.66 2003 -1250 -1255.66 2003 -1250 -1255.66 2000 1248.93 -1255.66 2000 -1250 -1255.66 2003 1248.1 -1255.66 2003 -1250 -1446.33 2000 1248.93 -1446.33 2003 1248.1 -1446.33 2000 -1250 -1446.33 2003 -1250 -1446.33 2003 1248.1 -1441.33 2003 1248.1 -1446.33 2003 -1250 -1441.33 2003 -1250 -1441.33 2000 1248.93 -1441.33 2000 -1250 -1441.33 2003 1248.1 -1441.33 2003 -1250 -1632 2000 1248.93 -1632 2003 1248.1 -1632 2000 -1250 -1632 2003 -1250 -1632 2003 1248.1 -1627 2003 1248.1 -1632 2003 -1250 -1627 2003 -1250 -1627 2000 1248.93 -1627 2000 -1250 -1627 2003 1248.1 -1627 2003 -1250 -1817.67 2000 1248.93 -1817.67 2003 1248.1 -1817.67 2000 -1250 -1817.67 2003 -1250 -1817.67 2003 1248.1 -1812.67 2003 1248.1 -1817.67 2003 -1250 -1812.67 2003 -1250 -1812.67 2000 1248.93 -1812.67 2000 -1250 -1812.67 2003 1248.1 -1812.67 2003 -1250 -2003.34 2000 1248.93 -2003.34 2003 1248.1 -2003.34 2000 -1250 -2003.34 2003 -1250 -2003.34 2003 1248.1 -1998.34 2003 1248.1 -2003.34 2003 -1250 -1998.34 2003 -1250 -1998.34 2000 1248.93 -1998.34 2000 -1250 -1998.34 2003 1248.1 -1998.34 2003 -1250 -2189.01 2000 1248.93 -2189.01 2003 1248.1 -2189.01 2000 -1250 -2189.01 2003 -1250 -2189.01 2003 1248.1 -2184.01 2003 1248.1 -2189.01 2003 -1250 -2184.01 2003 -1250 -2184.01 2000 1248.93 -2184.01 2000 -1250 -2184.01 2003 1248.1 -2184.01 2003 -1250 -2374.68 2000 1248.93 -2374.68 2003 1248.1 -2374.68 2000 -1250 -2374.68 2003 -1250 -2374.68 2003 1248.1 -2369.68 2003 1248.1 -2374.68 2003 -1250 -2369.68 2003 -1250 -2369.68 2000 1248.93 -2369.68 2000 -1250 -2369.68 2003 1248.1 -2369.68 2003 -1250 -2560.35 2000 1248.93 -2560.35 2003 1248.1 -2560.35 2000 -1250 -2560.35 2003 -1250 -2560.35 2003 1248.1 -2555.35 2003 1248.1 -2560.35 2003 -1250 -2555.35 2003 -1250 -2555.35 2000 1248.93 -2555.35 2000 -1250 -2555.35 2003 1248.1 -2555.35 2003 -1250 -2746.03 2000 1248.93 -2746.03 2003 1248.1 -2746.03 2000 -1250 -2746.03 2003 -1250 -2746.03 2003 1248.1 -2741.03 2003 1248.1 -2746.03 2003 -1250 -2741.03 2003 -1250 -2741.03 2000 1248.93 -2741.03 2000 -1250 -2741.03 2003 1248.1 -2741.03 2003 -1250 -3117.37 2000 1248.93 -3117.37 2003 1248.1 -3117.37 2000 -1250 -3117.37 2003 -1250 -3117.37 2003 1248.1 -3112.37 2003 1248.1 -3117.37 2003 -1250 -3112.37 2003 -1250 -3112.37 2000 1248.93 -3112.37 2000 -1250 -3112.37 2003 1248.1 -3112.37 2003 -1250 -3303.04 2000 1248.93 -3303.04 2003 1248.1 -3303.04 2000 -1250 -3303.04 2003 -1250 -3303.04 2003 1248.1 -3298.04 2003 1248.1 -3303.04 2003 -1250 -3298.04 2003 -1250 -3298.04 2000 1248.93 -3298.04 2000 -1250 -3298.04 2003 1248.1 -3298.04 2003 -1250 -3488.71 2000 1248.93 -3488.71 2003 1248.1 -3488.71 2000 -1250 -3488.71 2003 -1250 -3488.71 2003 1248.1 -3483.71 2003 1248.1 -3488.71 2003 -1250 -3483.71 2003 -1250 -3483.71 2000 1248.93 -3483.71 2000 -1250 -3483.71 2003 1248.1 -3483.71 2003 -1250 -3674.38 2000 1248.93 -3674.38 2003 1248.1 -3674.38 2000 -1250 -3674.38 2003 -1250 -3674.38 2003 1248.1 -3669.38 2003 1248.1 -3674.38 2003 -1250 -3669.38 2003 -1250 -3669.38 2000 1248.93 -3669.38 2000 -1250 -3669.38 2003 1248.1 -3669.38 2003 -1250 -3860.05 2000 1248.93 -3860.05 2003 1248.1 -3860.05 2000 -1250 -3860.05 2003 -1250 -3860.05 2003 1248.1 -3855.05 2003 1248.1 -3860.05 2003 -1250 -3855.05 2003 -1250 -3855.05 2000 1248.93 -3855.05 2000 -1250 -3855.05 2003 1248.1 -3855.05 2003 -1250 -4000 1954.28 1261.52 -4003 1954.28 1261.52 -4000 1954.28 -1250 -4003 1954.28 -1250 -4003 1954.28 1261.52 -4003 1959.28 1260.15 -4003 1954.28 -1250 -4003 1959.28 -1250 -4003 1959.28 1260.15 -4000 1959.28 1260.15 -4003 1959.28 -1250 -4000 1959.28 -1250 -4000 1768.61 1312.68 -4003 1768.61 1312.68 -4000 1768.61 -1250 -4003 1768.61 -1250 -4003 1768.61 1312.68 -4003 1773.61 1311.31 -4003 1768.61 -1250 -4003 1773.61 -1250 -4003 1773.61 1311.31 -4000 1773.61 1311.31 -4003 1773.61 -1250 -4000 1773.61 -1250 -4000 1582.94 1363.84 -4003 1582.94 1363.84 -4000 1582.94 -1250 -4003 1582.94 -1250 -4003 1582.94 1363.84 -4003 1587.94 1362.47 -4003 1582.94 -1250 -4003 1587.94 -1250 -4003 1587.94 1362.47 -4000 1587.94 1362.47 -4003 1587.94 -1250 -4000 1587.94 -1250 -4000 1397.27 1415 -4003 1397.27 1415 -4000 1397.27 -1250 -4003 1397.27 -1250 -4003 1397.27 1415 -4003 1402.27 1413.62 -4003 1397.27 -1250 -4003 1402.27 -1250 -4003 1402.27 1413.62 -4000 1402.27 1413.62 -4003 1402.27 -1250 -4000 1402.27 -1250 -4000 1211.59 1466.16 -4003 1211.59 1466.16 -4000 1211.59 -1250 -4003 1211.59 -1250 -4003 1211.59 1466.16 -4003 1216.59 1464.78 -4003 1211.59 -1250 -4003 1216.59 -1250 -4003 1216.59 1464.78 -4000 1216.59 1464.78 -4003 1216.59 -1250 -4000 1216.59 -1250 -4000 1025.92 1517.32 -4003 1025.92 1517.32 -4000 1025.92 -1250 -4003 1025.92 -1250 -4003 1025.92 1517.32 -4003 1030.92 1515.94 -4003 1025.92 -1250 -4003 1030.92 -1250 -4003 1030.92 1515.94 -4000 1030.92 1515.94 -4003 1030.92 -1250 -4000 1030.92 -1250 -4000 840.253 1568.48 -4003 840.253 1568.48 -4000 840.253 -1250 -4003 840.253 -1250 -4003 840.253 1568.48 -4003 845.253 1567.1 -4003 840.253 -1250 -4003 845.253 -1250 -4003 845.253 1567.1 -4000 845.253 1567.1 -4003 845.253 -1250 -4000 845.253 -1250 -4000 654.582 1619.64 -4003 654.582 1619.64 -4000 654.582 -1250 -4003 654.582 -1250 -4003 654.582 1619.64 -4003 659.582 1618.26 -4003 654.582 -1250 -4003 659.582 -1250 -4003 659.582 1618.26 -4000 659.582 1618.26 -4003 659.582 -1250 -4000 659.582 -1250 -4000 468.911 1670.8 -4003 468.911 1670.8 -4000 468.911 -1250 -4003 468.911 -1250 -4003 468.911 1670.8 -4003 473.911 1669.42 -4003 468.911 -1250 -4003 473.911 -1250 -4003 473.911 1669.42 -4000 473.911 1669.42 -4003 473.911 -1250 -4000 473.911 -1250 -4000 283.24 1721.96 -4003 283.24 1721.96 -4000 283.24 -1250 -4003 283.24 -1250 -4003 283.24 1721.96 -4003 288.24 1720.58 -4003 283.24 -1250 -4003 288.24 -1250 -4003 288.24 1720.58 -4000 288.24 1720.58 -4003 288.24 -1250 -4000 288.24 -1250 -4000 97.5694 1773.12 -4003 97.5694 1773.12 -4000 97.5694 -1250 -4003 97.5694 -1250 -4003 97.5694 1773.12 -4003 102.569 1771.74 -4003 97.5694 -1250 -4003 102.569 -1250 -4003 102.569 1771.74 -4000 102.569 1771.74 -4003 102.569 -1250 -4000 102.569 -1250 -4000 -88.1015 1775.77 -4003 -88.1015 1775.77 -4000 -88.1015 -1250 -4003 -88.1015 -1250 -4000 -273.772 1724.71 -4003 -273.772 1724.71 -4000 -273.772 -1250 -4003 -273.772 -1250 -4000 -459.443 1673.65 -4003 -459.443 1673.65 -4000 -459.443 -1250 -4003 -459.443 -1250 -4000 -645.114 1622.59 -4003 -645.114 1622.59 -4000 -645.114 -1250 -4003 -645.114 -1250 -4000 -830.785 1571.53 -4003 -830.785 1571.53 -4000 -830.785 -1250 -4003 -830.785 -1250 -4000 -1016.46 1520.47 -4003 -1016.46 1520.47 -4000 -1016.46 -1250 -4003 -1016.46 -1250 -4000 -1202.13 1469.42 -4003 -1202.13 1469.42 -4000 -1202.13 -1250 -4003 -1202.13 -1250 -4000 -1387.8 1418.36 -4003 -1387.8 1418.36 -4000 -1387.8 -1250 -4003 -1387.8 -1250 -4000 -1573.47 1367.3 -4003 -1573.47 1367.3 -4000 -1573.47 -1250 -4003 -1573.47 -1250 -4000 -1759.14 1316.24 -4003 -1759.14 1316.24 -4000 -1759.14 -1250 -4003 -1759.14 -1250 -4000 -1944.81 1265.18 -4003 -1944.81 1265.18 -4000 -1944.81 -1250 -4003 -1944.81 -1250 -3869.52 -2000 1250 -3869.52 -2003 1249.18 -3869.52 -2000 -1250 -3869.52 -2003 -1250 -3683.85 -2000 1250 -3683.85 -2003 1249.18 -3683.85 -2000 -1250 -3683.85 -2003 -1250 -3498.18 -2000 1250 -3498.18 -2003 1249.18 -3498.18 -2000 -1250 -3498.18 -2003 -1250 -3312.51 -2000 1250 -3312.51 -2003 1249.18 -3312.51 -2000 -1250 -3312.51 -2003 -1250 -3126.84 -2000 1250 -3126.84 -2003 1249.18 -3126.84 -2000 -1250 -3126.84 -2003 -1250 -2941.16 -2000 1250 -2941.16 -2003 1249.18 -2941.16 -2000 -1250 -2941.16 -2003 -1250 -2755.49 -2000 1250 -2755.49 -2003 1249.18 -2755.49 -2000 -1250 -2755.49 -2003 -1250 -2569.82 -2000 1250 -2569.82 -2003 1249.18 -2569.82 -2000 -1250 -2569.82 -2003 -1250 -2384.15 -2000 1250 -2384.15 -2003 1249.18 -2384.15 -2000 -1250 -2384.15 -2003 -1250 -2198.48 -2000 1250 -2198.48 -2003 1249.18 -2198.48 -2000 -1250 -2198.48 -2003 -1250 -2012.81 -2000 1250 -2012.81 -2003 1249.18 -2012.81 -2000 -1250 -2012.81 -2003 -1250 -1827.14 -2000 1250 -1827.14 -2003 1249.18 -1827.14 -2000 -1250 -1827.14 -2003 -1250 -1641.47 -2000 1250 -1641.47 -2003 1249.18 -1641.47 -2000 -1250 -1641.47 -2003 -1250 -1455.8 -2000 1250 -1455.8 -2003 1249.18 -1455.8 -2000 -1250 -1455.8 -2003 -1250 -1270.13 -2000 1250 -1270.13 -2003 1249.18 -1270.13 -2000 -1250 -1270.13 -2003 -1250 -1084.46 -2000 1250 -1084.46 -2003 1249.18 -1084.46 -2000 -1250 -1084.46 -2003 -1250 -898.785 -2000 1250 -898.785 -2003 1249.18 -898.785 -2000 -1250 -898.785 -2003 -1250 -713.114 -2000 1250 -713.114 -2003 1249.18 -713.114 -2000 -1250 -713.114 -2003 -1250 -527.443 -2000 1250 -527.443 -2003 1249.18 -527.443 -2000 -1250 -527.443 -2003 -1250 -341.772 -2000 1250 -341.772 -2003 1249.18 -341.772 -2000 -1250 -341.772 -2003 -1250 -156.101 -2000 1250 -156.101 -2003 1249.18 -156.101 -2000 -1250 -156.101 -2003 -1250 29.5697 -2000 1250 29.5697 -2003 1249.18 29.5697 -2000 -1250 29.5697 -2003 -1250 215.241 -2000 1250 215.241 -2003 1249.18 215.241 -2000 -1250 215.241 -2003 -1250 215.241 -2003 1249.18 210.241 -2003 1249.18 215.241 -2003 -1250 210.241 -2003 -1250 400.911 -2000 1250 400.911 -2003 1249.18 400.911 -2000 -1250 400.911 -2003 -1250 400.911 -2003 1249.18 395.911 -2003 1249.18 400.911 -2003 -1250 395.911 -2003 -1250 586.582 -2000 1250 586.582 -2003 1249.18 586.582 -2000 -1250 586.582 -2003 -1250 586.582 -2003 1249.18 581.582 -2003 1249.18 586.582 -2003 -1250 581.582 -2003 -1250 772.253 -2000 1250 772.253 -2003 1249.18 772.253 -2000 -1250 772.253 -2003 -1250 772.253 -2003 1249.18 767.253 -2003 1249.18 772.253 -2003 -1250 767.253 -2003 -1250 957.924 -2000 1250 957.924 -2003 1249.18 957.924 -2000 -1250 957.924 -2003 -1250 957.924 -2003 1249.18 952.924 -2003 1249.18 957.924 -2003 -1250 952.924 -2003 -1250 1143.59 -2000 1250 1143.59 -2003 1249.18 1143.59 -2000 -1250 1143.59 -2003 -1250 1143.59 -2003 1249.18 1138.59 -2003 1249.18 1143.59 -2003 -1250 1138.59 -2003 -1250 1329.27 -2000 1250 1329.27 -2003 1249.18 1329.27 -2000 -1250 1329.27 -2003 -1250 1329.27 -2003 1249.18 1324.27 -2003 1249.18 1329.27 -2003 -1250 1324.27 -2003 -1250 1514.94 -2000 1250 1514.94 -2003 1249.18 1514.94 -2000 -1250 1514.94 -2003 -1250 1514.94 -2003 1249.18 1509.94 -2003 1249.18 1514.94 -2003 -1250 1509.94 -2003 -1250 1700.61 -2000 1250 1700.61 -2003 1249.18 1700.61 -2000 -1250 1700.61 -2003 -1250 1700.61 -2003 1249.18 1695.61 -2003 1249.18 1700.61 -2003 -1250 1695.61 -2003 -1250 1886.28 -2000 1250 1886.28 -2003 1249.18 1886.28 -2000 -1250 1886.28 -2003 -1250 1886.28 -2003 1249.18 1881.28 -2003 1249.18 1886.28 -2003 -1250 1881.28 -2003 -1250 2071.95 -2000 1250 2071.95 -2003 1249.18 2071.95 -2000 -1250 2071.95 -2003 -1250 2071.95 -2003 1249.18 2066.95 -2003 1249.18 2071.95 -2003 -1250 2066.95 -2003 -1250 2257.62 -2000 1250 2257.62 -2003 1249.18 2257.62 -2000 -1250 2257.62 -2003 -1250 2257.62 -2003 1249.18 2252.62 -2003 1249.18 2257.62 -2003 -1250 2252.62 -2003 -1250 2443.29 -2000 1250 2443.29 -2003 1249.18 2443.29 -2000 -1250 2443.29 -2003 -1250 2443.29 -2003 1249.18 2438.29 -2003 1249.18 2443.29 -2003 -1250 2438.29 -2003 -1250 2628.96 -2000 1250 2628.96 -2003 1249.18 2628.96 -2000 -1250 2628.96 -2003 -1250 2628.96 -2003 1249.18 2623.96 -2003 1249.18 2628.96 -2003 -1250 2623.96 -2003 -1250 2814.63 -2000 1250 2814.63 -2003 1249.18 2814.63 -2000 -1250 2814.63 -2003 -1250 2814.63 -2003 1249.18 2809.63 -2003 1249.18 2814.63 -2003 -1250 2809.63 -2003 -1250 3000.3 -2000 1250 3000.3 -2003 1249.18 3000.3 -2000 -1250 3000.3 -2003 -1250 3000.3 -2003 1249.18 2995.3 -2003 1249.18 3000.3 -2003 -1250 2995.3 -2003 -1250 3185.97 -2000 1250 3185.97 -2003 1249.18 3185.97 -2000 -1250 3185.97 -2003 -1250 3185.97 -2003 1249.18 3180.97 -2003 1249.18 3185.97 -2003 -1250 3180.97 -2003 -1250 3371.65 -2000 1250 3371.65 -2003 1249.18 3371.65 -2000 -1250 3371.65 -2003 -1250 3371.65 -2003 1249.18 3366.65 -2003 1249.18 3371.65 -2003 -1250 3366.65 -2003 -1250 3557.32 -2000 1250 3557.32 -2003 1249.18 3557.32 -2000 -1250 3557.32 -2003 -1250 3557.32 -2003 1249.18 3552.32 -2003 1249.18 3557.32 -2003 -1250 3552.32 -2003 -1250 3742.99 -2000 1250 3742.99 -2003 1249.18 3742.99 -2000 -1250 3742.99 -2003 -1250 3742.99 -2003 1249.18 3737.99 -2003 1249.18 3742.99 -2003 -1250 3737.99 -2003 -1250 3928.66 -2000 1250 3928.66 -2003 1249.18 3928.66 -2000 -1250 3928.66 -2003 -1250 3928.66 -2003 1249.18 3923.66 -2003 1249.18 3928.66 -2003 -1250 3923.66 -2003 -1250 4000 -1885.67 1281.44 4003 -1885.67 1281.44 4000 -1885.67 -1250 4003 -1885.67 -1250 4003 -1885.67 1281.44 4003 -1890.67 1280.07 4003 -1885.67 -1250 4003 -1890.67 -1250 4003 -1700 1332.5 4003 -1705 1331.13 4003 -1700 -1250 4003 -1705 -1250 -3700 0 1540.72 -3700 1699.03 1073.49 -3750 0 1540.72 -3750 1699.03 1073.49 -3700 1699.03 1073.49 -3700 1797.87 -1200 -3750 1699.03 1073.49 -3750 1797.87 -1200 -3700 1797.87 -1200 -3700 1850 -1200 -3750 1797.87 -1200 -3750 1850 -1200 -3700 1850 -1200 -3700 1850 -420 -3750 1850 -1200 -3750 1850 -420 -3700 1850 -420 -3700 1780 -420 -3750 1850 -420 -3750 1780 -420 -3700 1780 -420 -3700 1780 -250 -3750 1780 -420 -3750 1780 -250 -3700 1780 -250 -3700 1850 -250 -3750 1780 -250 -3750 1850 -250 -3700 1850 -250 -3700 1850 300 -3750 1850 -250 -3750 1850 300 -3700 1850 300 -3700 1780 300 -3750 1850 300 -3750 1780 300 -3700 1780 300 -3700 1780 470 -3750 1780 300 -3750 1780 470 -3700 1780 470 -3700 1850 470 -3750 1780 470 -3750 1850 470 -3700 1850 470 -3700 1850 1135.68 -3750 1850 470 -3750 1850 1135.68 -3700 1850 1135.68 -3700 0 1644.43 -3750 1850 1135.68 -3750 0 1644.43 -3700 0 1644.43 -3700 -1850 1135.68 -3750 0 1644.43 -3750 -1850 1135.68 -3700 -1850 1135.68 -3700 -1850 470 -3750 -1850 1135.68 -3750 -1850 470 -3700 -1850 470 -3700 -1780 470 -3750 -1850 470 -3750 -1780 470 -3700 -1780 470 -3700 -1780 300 -3750 -1780 470 -3750 -1780 300 -3700 -1780 300 -3700 -1850 300 -3750 -1780 300 -3750 -1850 300 -3700 -1850 300 -3700 -1850 -250 -3750 -1850 300 -3750 -1850 -250 -3700 -1850 -250 -3700 -1780 -250 -3750 -1850 -250 -3750 -1780 -250 -3700 -1780 -250 -3700 -1780 -420 -3750 -1780 -250 -3750 -1780 -420 -3700 -1780 -420 -3700 -1850 -420 -3750 -1780 -420 -3750 -1850 -420 -3700 -1850 -420 -3700 -1850 -1200 -3750 -1850 -420 -3750 -1850 -1200 -3700 -1850 -1200 -3700 -1797.87 -1200 -3750 -1850 -1200 -3750 -1797.87 -1200 -3700 -1797.87 -1200 -3700 -1699.03 1073.49 -3750 -1797.87 -1200 -3750 -1699.03 1073.49 -3700 -1699.03 1073.49 -3700 0 1540.72 -3750 -1699.03 1073.49 -3750 0 1540.72 -3700 -1900 1173.79 -3700 0 1696.29 -100 -1900 1173.79 -100 0 1696.29 -3700 0 1696.29 -3700 1900 1173.79 -100 0 1696.29 -100 1900 1173.79 -100 1797.87 -1200 -100 1699.03 1073.49 -50 1797.87 -1200 -50 1699.03 1073.49 -100 1850 -1200 -100 1797.87 -1200 -50 1850 -1200 -50 1797.87 -1200 -100 1850 -420 -100 1850 -1200 -50 1850 -420 -50 1850 -1200 -100 1780 -420 -100 1850 -420 -50 1780 -420 -50 1850 -420 -100 1780 -250 -100 1780 -420 -50 1780 -250 -50 1780 -420 -100 1850 -250 -100 1780 -250 -50 1850 -250 -50 1780 -250 -100 1850 300 -100 1850 -250 -50 1850 300 -50 1850 -250 -100 1780 300 -100 1850 300 -50 1780 300 -50 1850 300 -100 1780 470 -100 1780 300 -50 1780 470 -50 1780 300 -100 1850 470 -100 1780 470 -50 1850 470 -50 1780 470 -100 1850 1135.68 -100 1850 470 -50 1850 1135.68 -50 1850 470 -100 0 1644.43 -100 1850 1135.68 -50 0 1644.43 -50 1850 1135.68 -100 -1850 1135.68 -100 0 1644.43 -50 -1850 1135.68 -50 0 1644.43 -100 -1850 470 -100 -1850 1135.68 -50 -1850 470 -50 -1850 1135.68 -100 -1780 470 -100 -1850 470 -50 -1780 470 -50 -1850 470 -100 -1780 300 -100 -1780 470 -50 -1780 300 -50 -1780 470 -100 -1850 300 -100 -1780 300 -50 -1850 300 -50 -1780 300 -100 -1850 -250 -100 -1850 300 -50 -1850 -250 -50 -1850 300 -100 -1780 -250 -100 -1850 -250 -50 -1780 -250 -50 -1850 -250 -100 -1780 -420 -100 -1780 -250 -50 -1780 -420 -50 -1780 -250 -100 -1850 -420 -100 -1780 -420 -50 -1850 -420 -50 -1780 -420 -100 -1850 -1200 -100 -1850 -420 -50 -1850 -1200 -50 -1850 -420 -100 -1797.87 -1200 -100 -1850 -1200 -50 -1797.87 -1200 -50 -1850 -1200 -100 -1699.03 1073.49 -100 -1797.87 -1200 -50 -1699.03 1073.49 -50 -1797.87 -1200 -100 0 1540.72 -100 -1699.03 1073.49 -50 0 1540.72 -50 -1699.03 1073.49 -100 1699.03 1073.49 -100 0 1540.72 -50 1699.03 1073.49 -50 0 1540.72 100 1699.03 1073.49 100 1797.87 -1200 50 1699.03 1073.49 50 1797.87 -1200 100 1797.87 -1200 100 1850 -1200 50 1797.87 -1200 50 1850 -1200 100 1850 -1200 100 1850 -420 50 1850 -1200 50 1850 -420 100 1850 -420 100 1780 -420 50 1850 -420 50 1780 -420 100 1780 -420 100 1780 -250 50 1780 -420 50 1780 -250 100 1780 -250 100 1850 -250 50 1780 -250 50 1850 -250 100 1850 -250 100 1850 300 50 1850 -250 50 1850 300 100 1850 300 100 1780 300 50 1850 300 50 1780 300 100 1780 300 100 1780 470 50 1780 300 50 1780 470 100 1780 470 100 1850 470 50 1780 470 50 1850 470 100 1850 470 100 1850 1135.68 50 1850 470 50 1850 1135.68 100 1850 1135.68 100 0 1644.43 50 1850 1135.68 50 0 1644.43 100 0 1644.43 100 -1850 1135.68 50 0 1644.43 50 -1850 1135.68 100 -1850 1135.68 100 -1850 470 50 -1850 1135.68 50 -1850 470 100 -1850 470 100 -1780 470 50 -1850 470 50 -1780 470 100 -1780 470 100 -1780 300 50 -1780 470 50 -1780 300 100 -1780 300 100 -1850 300 50 -1780 300 50 -1850 300 100 -1850 300 100 -1850 -250 50 -1850 300 50 -1850 -250 100 -1850 -250 100 -1780 -250 50 -1850 -250 50 -1780 -250 100 -1780 -250 100 -1780 -420 50 -1780 -250 50 -1780 -420 100 -1780 -420 100 -1850 -420 50 -1780 -420 50 -1850 -420 100 -1850 -420 100 -1850 -1200 50 -1850 -420 50 -1850 -1200 100 -1850 -1200 100 -1797.87 -1200 50 -1850 -1200 50 -1797.87 -1200 100 -1797.87 -1200 100 -1699.03 1073.49 50 -1797.87 -1200 50 -1699.03 1073.49 100 -1699.03 1073.49 100 0 1540.72 50 -1699.03 1073.49 50 0 1540.72 100 0 1540.72 100 1699.03 1073.49 50 0 1540.72 50 1699.03 1073.49 -3900 -1650.66 1034.93 -3900 -1750 -1250 -3900 0 1488.86 -3900 1750 -1250 -3900 1650.66 1034.93 100 0 1696.29 100 1900 1173.79 3900 0 1696.29 3900 1900 1173.79 -3700 1830 -370 -3700 1900 -370 -100 1830 -370 -100 1900 -370 -3700 1830 -300 -3700 1830 -370 -100 1830 -300 -100 1830 -370 -3700 1900 -300 -3700 1830 -300 -100 1900 -300 -100 1830 -300 -3700 1830 350 -3700 1900 350 -100 1830 350 -100 1900 350 100 1830 350 100 1900 350 3900 1830 350 3900 1900 350 -3700 1830 420 -3700 1830 350 -100 1830 420 -100 1830 350 -3700 1900 420 -3700 1830 420 -100 1900 420 -100 1830 420 -3700 -1830 -370 -3700 -1830 -300 -100 -1830 -370 -100 -1830 -300 -3700 -1830 -300 -3700 -1900 -300 -100 -1830 -300 -100 -1900 -300 -3700 -1900 -300 -3700 -1900 350 -100 -1900 -300 -100 -1900 350 -3700 -1900 350 -3700 -1830 350 -100 -1900 350 -100 -1830 350 -3700 -1830 350 -3700 -1830 420 -100 -1830 350 -100 -1830 420 -3700 -1830 420 -3700 -1900 420 -100 -1830 420 -100 -1900 420 -3700 -1900 420 -3700 -1900 1173.79 -100 -1900 420 -100 -1900 1173.79 -3700 -1900 -1250 -3700 -1900 -370 -100 -1900 -1250 -100 -1900 -370 100 -1900 -1250 100 -1900 -370 3900 -1900 -1250 3900 -1900 -370 -3700 -1900 -370 -3700 -1830 -370 -100 -1900 -370 -100 -1830 -370 100 -1900 -370 100 -1830 -370 3900 -1900 -370 3900 -1830 -370 100 -1830 -370 100 -1830 -300 3900 -1830 -370 3900 -1830 -300 100 -1830 -300 100 -1900 -300 3900 -1830 -300 3900 -1900 -300 100 -1900 -300 100 -1900 350 3900 -1900 -300 3900 -1900 350 100 -1900 1173.79 100 0 1696.29 3900 -1900 1173.79 3900 0 1696.29 100 -1830 350 100 -1830 420 3900 -1830 350 3900 -1830 420 100 -1830 420 100 -1900 420 3900 -1830 420 3900 -1900 420 100 1900 -300 100 1830 -300 3900 1900 -300 3900 1830 -300 100 1830 -300 100 1830 -370 3900 1830 -300 3900 1830 -370 100 1830 -370 100 1900 -370 3900 1830 -370 3900 1900 -370 100 1900 420 100 1830 420 3900 1900 420 3900 1830 420 100 1830 420 100 1830 350 3900 1830 420 3900 1830 350 3900 1900 350 3900 1900 -300 3900 1830 350 3900 1830 -300 3900 1700 500 3900 1830 -370 3900 1700 -1250 3900 1900 -1250 3900 1900 -370 3900 -1700 500 3900 0 1696.29 3900 1900 1173.79 3900 1900 420 3900 -1700 -1250 3900 -1830 -370 3900 -1830 -300 3900 -1830 350 3900 -1900 350 3900 -1900 -300 3900 -1900 -1250 3900 -1900 -370 3900 -1830 420 3900 -1900 420 3900 -1900 1173.79 3900 1830 420 100 -1900 350 100 -1830 350 3900 -1900 350 3900 -1830 350 100 -1900 420 100 -1900 1173.79 3900 -1900 420 3900 -1900 1173.79 4000 -1700 1332.5 4003 -1700 1332.5 4000 -1700 500 4003 -1700 -1250 3900 -1700 -1250 3900 -1700 500 3900 1700 500 3900 1700 -1250 4000 1700 500 4000 1700 -1250 4000 -1700 500 3900 -1700 500 4000 -1470.87 500 4000 -1465.87 500 4003 -1470.87 500 4003 -1465.87 500 3900 1700 500 4000 14.4942 500 4000 -166.177 500 4000 -171.177 500 4003 -171.177 500 4003 -166.177 500 4000 1700 500 4000 1690.53 500 4000 1685.53 500 4000 1504.86 500 4003 1690.53 500 4003 1685.53 500 4003 1504.86 500 4003 1499.86 500 4000 1499.86 500 4000 1319.19 500 4000 1314.19 500 4003 1314.19 500 4003 1319.19 500 4000 1133.52 500 4000 1128.52 500 4000 947.849 500 4003 1133.52 500 4003 1128.52 500 4003 947.849 500 4003 942.849 500 4000 942.849 500 4000 762.178 500 4000 757.178 500 4003 757.178 500 4003 762.178 500 4000 576.507 500 4000 571.507 500 4000 390.836 500 4003 576.507 500 4003 571.507 500 4003 390.836 500 4003 385.836 500 4000 385.836 500 4000 205.165 500 4000 200.165 500 4003 200.165 500 4003 205.165 500 4000 19.4942 500 4003 19.4942 500 4003 14.4942 500 4000 -351.848 500 4000 -356.848 500 4000 -537.518 500 4003 -351.848 500 4003 -356.848 500 4003 -537.518 500 4003 -542.518 500 4000 -542.518 500 4000 -723.189 500 4000 -728.189 500 4003 -728.189 500 4003 -723.189 500 4000 -908.86 500 4000 -913.86 500 4000 -1094.53 500 4003 -908.86 500 4003 -913.86 500 4003 -1094.53 500 4003 -1099.53 500 4000 -1099.53 500 4000 -1280.2 500 4000 -1285.2 500 4003 -1285.2 500 4003 -1280.2 500 -2880 2000 -1250 -2880 1900 -1250 -3000 2000 -1250 -3000 1900 -1250 -3020 2000 -1250 -3020 1900 -1250 -3112.37 2000 -1250 -3117.37 2000 -1250 -3117.37 2003 -1250 -2880 2010 -1250 -2860 2000 -1250 -2860 1900 -1250 -2860 1890 -1250 -2880 1890 -1250 -2860 2010 -1250 -2746.03 2000 -1250 -2741.03 2000 -1250 -2560.35 2000 -1250 -2746.03 2003 -1250 -2741.03 2003 -1250 -2555.35 2000 -1250 -2560.35 2003 -1250 -2555.35 2003 -1250 -2374.68 2000 -1250 -2369.68 2000 -1250 -2189.01 2000 -1250 -2374.68 2003 -1250 -2369.68 2003 -1250 -2184.01 2000 -1250 -2189.01 2003 -1250 -2184.01 2003 -1250 -2003.34 2000 -1250 -1998.34 2000 -1250 -1817.67 2000 -1250 -2003.34 2003 -1250 -1998.34 2003 -1250 -1812.67 2000 -1250 -1817.67 2003 -1250 -1812.67 2003 -1250 -1632 2000 -1250 -1627 2000 -1250 -1446.33 2000 -1250 -1632 2003 -1250 -1627 2003 -1250 -1446.33 2003 -1250 -1441.33 2000 -1250 -100 1900 -1250 -1441.33 2003 -1250 -1260.66 2000 -1250 -1255.66 2000 -1250 -1074.99 2000 -1250 -1260.66 2003 -1250 -1255.66 2003 -1250 -1069.99 2000 -1250 -1074.99 2003 -1250 -1069.99 2003 -1250 -889.317 2000 -1250 -884.317 2000 -1250 -703.646 2000 -1250 -889.317 2003 -1250 -884.317 2003 -1250 -698.646 2000 -1250 -703.646 2003 -1250 -698.646 2003 -1250 -517.975 2000 -1250 -512.975 2000 -1250 -332.304 2000 -1250 -517.975 2003 -1250 -512.975 2003 -1250 -327.304 2000 -1250 -332.304 2003 -1250 -327.304 2003 -1250 -146.633 2000 -1250 -141.633 2000 -1250 39.0376 2000 -1250 -146.633 2003 -1250 -141.633 2003 -1250 39.0376 2003 -1250 44.0376 2000 -1250 100 1900 -1250 -100 1750 -1250 100 1750 -1250 44.0376 2003 -1250 224.708 2000 -1250 229.708 2000 -1250 410.379 2000 -1250 224.708 2003 -1250 229.708 2003 -1250 415.379 2000 -1250 410.379 2003 -1250 415.379 2003 -1250 596.05 2000 -1250 601.05 2000 -1250 781.721 2000 -1250 596.05 2003 -1250 601.05 2003 -1250 786.721 2000 -1250 781.721 2003 -1250 786.721 2003 -1250 967.392 2000 -1250 972.392 2000 -1250 1153.06 2000 -1250 967.392 2003 -1250 972.392 2003 -1250 1158.06 2000 -1250 1153.06 2003 -1250 1158.06 2003 -1250 1338.73 2000 -1250 1343.73 2000 -1250 1524.4 2000 -1250 1338.73 2003 -1250 1343.73 2003 -1250 1529.4 2000 -1250 1524.4 2003 -1250 1529.4 2003 -1250 1710.08 2000 -1250 1715.08 2000 -1250 1895.75 2000 -1250 1710.08 2003 -1250 1715.08 2003 -1250 1900.75 2000 -1250 1895.75 2003 -1250 1900.75 2003 -1250 2081.42 2000 -1250 3900 1900 -1250 2086.42 2000 -1250 2267.09 2000 -1250 2081.42 2003 -1250 2086.42 2003 -1250 2272.09 2000 -1250 2267.09 2003 -1250 2272.09 2003 -1250 2452.76 2000 -1250 2457.76 2000 -1250 2638.43 2000 -1250 2452.76 2003 -1250 2457.76 2003 -1250 2643.43 2000 -1250 2638.43 2003 -1250 2643.43 2003 -1250 2824.1 2000 -1250 2829.1 2000 -1250 3009.77 2000 -1250 2824.1 2003 -1250 2829.1 2003 -1250 3014.77 2000 -1250 3009.77 2003 -1250 3014.77 2003 -1250 3195.44 2000 -1250 3200.44 2000 -1250 3381.11 2000 -1250 3195.44 2003 -1250 3200.44 2003 -1250 3386.11 2000 -1250 3381.11 2003 -1250 3386.11 2003 -1250 3566.78 2000 -1250 3571.78 2000 -1250 3752.46 2000 -1250 3566.78 2003 -1250 3571.78 2003 -1250 3757.46 2000 -1250 3752.46 2003 -1250 3757.46 2003 -1250 3938.13 2000 -1250 3943.13 2000 -1250 4000 2000 -1250 3938.13 2003 -1250 3943.13 2003 -1250 4000 1876.2 -1250 4000 1871.2 -1250 3900 1700 -1250 4000 1700 -1250 4003 1876.2 -1250 4003 1871.2 -1250 -3000 1890 -1250 -3020 1890 -1250 -3700 1900 -1250 -3303.04 2000 -1250 -3298.04 2000 -1250 -3700 1750 -1250 -3900 1750 -1250 -4000 1773.61 -1250 -4000 1954.28 -1250 -3900 -1750 -1250 -4000 -83.1015 -1250 -4000 97.5694 -1250 -4000 102.569 -1250 -4003 102.569 -1250 -4003 97.5694 -1250 -3700 -1750 -1250 -3700 -1900 -1250 -4000 -1939.81 -1250 -4000 -1759.14 -1250 -100 -1900 -1250 -1832.14 -2000 -1250 -2012.81 -2000 -1250 -2017.81 -2000 -1250 -2012.81 -2003 -1250 -2017.81 -2003 -1250 -100 -1750 -1250 100 -1900 -1250 24.5697 -2000 -1250 -156.101 -2000 -1250 100 -1750 -1250 3900 -1900 -1250 2066.95 -2000 -1250 1886.28 -2000 -1250 1881.28 -2000 -1250 1886.28 -2003 -1250 1881.28 -2003 -1250 3900 -1700 -1250 4000 -1885.67 -1250 4000 -1890.67 -1250 4000 -2000 -1250 4000 -1705 -1250 4003 -1700 -1250 4003 -1705 -1250 4003 -1885.67 -1250 4003 -1890.67 -1250 3928.66 -2000 -1250 3923.66 -2000 -1250 3742.99 -2000 -1250 3928.66 -2003 -1250 3923.66 -2003 -1250 3737.99 -2000 -1250 3742.99 -2003 -1250 3737.99 -2003 -1250 3557.32 -2000 -1250 3552.32 -2000 -1250 3371.65 -2000 -1250 3557.32 -2003 -1250 3552.32 -2003 -1250 3366.65 -2000 -1250 3371.65 -2003 -1250 3366.65 -2003 -1250 3185.97 -2000 -1250 3180.97 -2000 -1250 3000.3 -2000 -1250 3185.97 -2003 -1250 3180.97 -2003 -1250 2995.3 -2000 -1250 3000.3 -2003 -1250 2995.3 -2003 -1250 2814.63 -2000 -1250 2809.63 -2000 -1250 2628.96 -2000 -1250 2814.63 -2003 -1250 2809.63 -2003 -1250 2623.96 -2000 -1250 2628.96 -2003 -1250 2623.96 -2003 -1250 2443.29 -2000 -1250 2438.29 -2000 -1250 2257.62 -2000 -1250 2443.29 -2003 -1250 2438.29 -2003 -1250 2252.62 -2000 -1250 2257.62 -2003 -1250 2252.62 -2003 -1250 2071.95 -2000 -1250 2071.95 -2003 -1250 2066.95 -2003 -1250 1700.61 -2000 -1250 1695.61 -2000 -1250 1514.94 -2000 -1250 1700.61 -2003 -1250 1695.61 -2003 -1250 1509.94 -2000 -1250 1514.94 -2003 -1250 1509.94 -2003 -1250 1329.27 -2000 -1250 1324.27 -2000 -1250 1143.59 -2000 -1250 1329.27 -2003 -1250 1324.27 -2003 -1250 1138.59 -2000 -1250 1143.59 -2003 -1250 1138.59 -2003 -1250 957.924 -2000 -1250 952.924 -2000 -1250 772.253 -2000 -1250 957.924 -2003 -1250 952.924 -2003 -1250 767.253 -2000 -1250 772.253 -2003 -1250 767.253 -2003 -1250 586.582 -2000 -1250 581.582 -2000 -1250 400.911 -2000 -1250 586.582 -2003 -1250 581.582 -2003 -1250 395.911 -2000 -1250 400.911 -2003 -1250 395.911 -2003 -1250 215.241 -2000 -1250 210.241 -2000 -1250 29.5697 -2000 -1250 215.241 -2003 -1250 210.241 -2003 -1250 29.5697 -2003 -1250 24.5697 -2003 -1250 -161.101 -2000 -1250 -156.101 -2003 -1250 -161.101 -2003 -1250 -341.772 -2000 -1250 -346.772 -2000 -1250 -527.443 -2000 -1250 -341.772 -2003 -1250 -346.772 -2003 -1250 -532.443 -2000 -1250 -527.443 -2003 -1250 -532.443 -2003 -1250 -713.114 -2000 -1250 -718.114 -2000 -1250 -898.785 -2000 -1250 -713.114 -2003 -1250 -718.114 -2003 -1250 -903.785 -2000 -1250 -898.785 -2003 -1250 -903.785 -2003 -1250 -1084.46 -2000 -1250 -1089.46 -2000 -1250 -1270.13 -2000 -1250 -1084.46 -2003 -1250 -1089.46 -2003 -1250 -1275.13 -2000 -1250 -1270.13 -2003 -1250 -1275.13 -2003 -1250 -1455.8 -2000 -1250 -1460.8 -2000 -1250 -1641.47 -2000 -1250 -1455.8 -2003 -1250 -1460.8 -2003 -1250 -1646.47 -2000 -1250 -1641.47 -2003 -1250 -1646.47 -2003 -1250 -1827.14 -2000 -1250 -1827.14 -2003 -1250 -1832.14 -2003 -1250 -2198.48 -2000 -1250 -2203.48 -2000 -1250 -2384.15 -2000 -1250 -2198.48 -2003 -1250 -2203.48 -2003 -1250 -2389.15 -2000 -1250 -2384.15 -2003 -1250 -2389.15 -2003 -1250 -2569.82 -2000 -1250 -2574.82 -2000 -1250 -2755.49 -2000 -1250 -2569.82 -2003 -1250 -2574.82 -2003 -1250 -2760.49 -2000 -1250 -2755.49 -2003 -1250 -2760.49 -2003 -1250 -2941.16 -2000 -1250 -2946.16 -2000 -1250 -3126.84 -2000 -1250 -2941.16 -2003 -1250 -2946.16 -2003 -1250 -3131.84 -2000 -1250 -3126.84 -2003 -1250 -3131.84 -2003 -1250 -3312.51 -2000 -1250 -3317.51 -2000 -1250 -3498.18 -2000 -1250 -3312.51 -2003 -1250 -3317.51 -2003 -1250 -3503.18 -2000 -1250 -3498.18 -2003 -1250 -3503.18 -2003 -1250 -3683.85 -2000 -1250 -3688.85 -2000 -1250 -3869.52 -2000 -1250 -3683.85 -2003 -1250 -3688.85 -2003 -1250 -3869.52 -2003 -1250 -3874.52 -2000 -1250 -3874.52 -2003 -1250 -4000 -2000 -1250 -4000 -1944.81 -1250 -4003 -1944.81 -1250 -4003 -1939.81 -1250 -4003 -1759.14 -1250 -4003 -1754.14 -1250 -4000 -1754.14 -1250 -4000 -1573.47 -1250 -4000 -1568.47 -1250 -4003 -1568.47 -1250 -4003 -1573.47 -1250 -4000 -1387.8 -1250 -4000 -1382.8 -1250 -4000 -1202.13 -1250 -4003 -1387.8 -1250 -4003 -1382.8 -1250 -4003 -1202.13 -1250 -4003 -1197.13 -1250 -4000 -1197.13 -1250 -4000 -1016.46 -1250 -4000 -1011.46 -1250 -4003 -1011.46 -1250 -4003 -1016.46 -1250 -4000 -830.785 -1250 -4000 -825.785 -1250 -4000 -645.114 -1250 -4003 -830.785 -1250 -4003 -825.785 -1250 -4003 -645.114 -1250 -4003 -640.114 -1250 -4000 -640.114 -1250 -4000 -459.443 -1250 -4000 -454.443 -1250 -4003 -454.443 -1250 -4003 -459.443 -1250 -4000 -273.772 -1250 -4000 -268.772 -1250 -4000 -88.1015 -1250 -4003 -273.772 -1250 -4003 -268.772 -1250 -4003 -88.1015 -1250 -4003 -83.1015 -1250 -4000 283.24 -1250 -4000 288.24 -1250 -4000 468.911 -1250 -4003 283.24 -1250 -4003 288.24 -1250 -4003 468.911 -1250 -4003 473.911 -1250 -4000 473.911 -1250 -4000 654.582 -1250 -4000 659.582 -1250 -4003 659.582 -1250 -4003 654.582 -1250 -4000 840.253 -1250 -4000 845.253 -1250 -4000 1025.92 -1250 -4003 840.253 -1250 -4003 845.253 -1250 -4003 1025.92 -1250 -4003 1030.92 -1250 -4000 1030.92 -1250 -4000 1211.59 -1250 -4000 1216.59 -1250 -4003 1216.59 -1250 -4003 1211.59 -1250 -4000 1397.27 -1250 -4000 1402.27 -1250 -4000 1582.94 -1250 -4003 1397.27 -1250 -4003 1402.27 -1250 -4003 1582.94 -1250 -4003 1587.94 -1250 -4000 1587.94 -1250 -4000 1768.61 -1250 -4003 1773.61 -1250 -4003 1768.61 -1250 -4003 1954.28 -1250 -4003 1959.28 -1250 -4000 1959.28 -1250 -3860.05 2000 -1250 -4000 2000 -1250 -3855.05 2000 -1250 -3860.05 2003 -1250 -3855.05 2003 -1250 -3674.38 2000 -1250 -3669.38 2000 -1250 -3674.38 2003 -1250 -3669.38 2003 -1250 -3488.71 2000 -1250 -3483.71 2000 -1250 -3488.71 2003 -1250 -3483.71 2003 -1250 -3303.04 2003 -1250 -3298.04 2003 -1250 -3112.37 2003 -1250 -3020 2010 -1250 -3000 2010 -1250 -2880 1893.57 -1143.23 -2881.41 1893.86 -1143.48 -2881.41 1893.86 -1143.48 -2881.58 1893.33 -1144.03 -2881.58 1893.33 -1144.03 -2881.58 1893.33 -1144.03 -2881.69 1892.99 -1144.73 -2881.69 1892.99 -1144.73 -2881.69 1892.99 -1144.73 -2881.73 1892.88 -1145.5 -2881.73 1892.88 -1145.5 -2882.5 1894.03 -1143.48 -2881.41 1893.86 -1143.48 -2881.41 1893.86 -1143.48 -2880 1893.57 -1143.23 -2882.5 1894.03 -1143.48 -2997.5 1894.03 -1143.48 -2997.5 1894.03 -1143.48 -3000 1893.57 -1143.23 -3000 1893.57 -1143.23 -2998.81 1894.52 -1143.12 -2998.31 1892.99 -1144.73 -2998.31 1892.99 -1144.73 -2998.27 1892.88 -1145.5 -2998.31 1892.99 -1144.73 -2998.42 1893.33 -1144.03 -2998.42 1893.33 -1144.03 -2997.5 1894.03 -1143.48 -2997.5 1894.03 -1143.48 -2998.59 1893.86 -1143.48 -2998.42 1893.33 -1144.03 -2998.59 1893.86 -1143.48 -2998.59 1893.86 -1143.48 -2998.59 1893.86 -1143.48 -2998.81 1894.52 -1143.12 -3000 1893.57 -1156.77 -2998.59 1893.86 -1156.52 -2998.59 1893.86 -1156.52 -2998.42 1893.33 -1155.97 -2998.42 1893.33 -1155.97 -2998.42 1893.33 -1155.97 -2998.31 1892.99 -1155.27 -2998.31 1892.99 -1155.27 -2998.31 1892.99 -1155.27 -2998.27 1892.88 -1154.5 -2998.27 1892.88 -1154.5 -2997.5 1894.03 -1156.52 -2998.59 1893.86 -1156.52 -2998.59 1893.86 -1156.52 -3000 1893.57 -1156.77 -2997.5 1894.03 -1156.52 -2882.5 1894.03 -1156.52 -2882.5 1894.03 -1156.52 -2880 1893.57 -1156.77 -2880 1893.57 -1156.77 -2881.19 1894.52 -1156.88 -2881.69 1892.99 -1155.27 -2881.69 1892.99 -1155.27 -2881.73 1892.88 -1154.5 -2881.69 1892.99 -1155.27 -2881.58 1893.33 -1155.97 -2881.58 1893.33 -1155.97 -2882.5 1894.03 -1156.52 -2882.5 1894.03 -1156.52 -2881.41 1893.86 -1156.52 -2881.58 1893.33 -1155.97 -2881.41 1893.86 -1156.52 -2881.41 1893.86 -1156.52 -2881.41 1893.86 -1156.52 -2881.19 1894.52 -1156.88 -2998.27 1892.88 -1154.5 -2998.27 1892.88 -1145.5 -2998.27 1892.88 -1145.5 -2881.73 1892.88 -1154.5 -2881.73 1892.88 -1154.5 -2881.73 1892.88 -1145.5 -2899.14 2008.59 -1144.73 -2899.14 2008.59 -1144.73 -2900.77 2008.55 -1144.77 -2895.69 2008.95 -1140 -2895.95 2008.95 -1138.53 -2895.95 2008.95 -1138.53 -2899.07 2008 -1135.09 -2899.07 2008 -1135.09 -2899.12 2008.31 -1135.13 -2900.77 2008.55 -1135.23 -2899.14 2008.59 -1135.27 -2899.14 2008.59 -1135.27 -2895.95 2008.95 -1138.53 -2896.69 2008.95 -1137.24 -2896.69 2008.95 -1137.24 -2897.69 2008.81 -1136.04 -2897.69 2008.81 -1136.04 -2899.12 2008.31 -1135.13 -2899.14 2008.59 -1135.27 -2895.69 2008.95 -1140 -2895.69 2008.95 -1140 -2895.69 2008.95 -1140 -2895.95 2008.95 -1141.47 -2895.95 2008.95 -1141.47 -2895.95 2008.95 -1141.47 -2896.69 2008.95 -1142.76 -2896.69 2008.95 -1142.76 -2897.83 2008.95 -1143.72 -2897.69 2008.81 -1143.96 -2897.69 2008.81 -1143.96 -2897.69 2008.81 -1143.96 -2897.83 2008.95 -1143.72 -2899.07 2008 -1144.91 -2899.07 2008 -1144.91 -2899.12 2008.31 -1144.87 -2899.18 2008.81 -1144.51 -2897.69 2008.81 -1143.96 -2899.18 2008.81 -1144.51 -2899.14 2008.59 -1144.73 -2899.14 2008.59 -1144.73 -2899.14 2008.59 -1144.73 -2899.12 2008.31 -1144.87 -2899.12 2008.31 -1135.13 -2899.14 2008.59 -1135.27 -2899.14 2008.59 -1135.27 -2897.69 2008.81 -1136.04 -2925.22 2008.59 -1137.2 -2925.22 2008.59 -1137.2 -2900.77 2008.55 -1135.23 -2925.21 2008.81 -1137.42 -2926.03 2008.81 -1137.63 -2925.21 2008.81 -1137.42 -2925.22 2008.59 -1137.2 -2925.22 2008.59 -1137.2 -2925.22 2008.59 -1137.2 -2925.23 2008.31 -1137.06 -2925.23 2008.31 -1137.06 -2925.23 2008.31 -1137.06 -2925.24 2008 -1137.01 -2927.03 2008.95 -1141.1 -2926.75 2008.81 -1141.91 -2927.03 2008.95 -1141.1 -2927.28 2008.95 -1140.38 -2927.28 2008.95 -1140.38 -2927.28 2008.95 -1140.38 -2927.28 2008.95 -1139.62 -2927.28 2008.95 -1139.62 -2927.28 2008.95 -1139.62 -2927.03 2008.95 -1138.9 -2927.03 2008.95 -1138.9 -2927.03 2008.95 -1138.9 -2926.56 2008.95 -1138.3 -2926.56 2008.95 -1138.3 -2926.75 2008.81 -1138.09 -2925.22 2008.59 -1142.8 -2926.03 2008.81 -1142.37 -2925.22 2008.59 -1142.8 -2926.03 2008.81 -1142.37 -2926.75 2008.81 -1141.91 -2926.75 2008.81 -1141.91 -2926.75 2008.81 -1141.91 -2926.75 2008.81 -1141.91 -2926.75 2008.81 -1138.09 -2926.75 2008.81 -1138.09 -2926.03 2008.81 -1137.63 -2926.03 2008.81 -1137.63 -2925.22 2008.59 -1142.8 -2925.23 2008.31 -1142.94 -2925.23 2008.31 -1142.94 -2925.23 2008.31 -1142.94 -2925.24 2008 -1142.99 -2925.24 2008 -1142.99 -2900.77 2008.55 -1144.77 -2925.22 2008.59 -1142.8 -2925.22 2008.59 -1142.8 -2899.07 2008 -1144.91 -2899.07 2008 -1144.91 -2899.13 2000 -1144.92 -2900.79 2005 -1144.94 -2900.87 2000 -1144.92 -2900.87 2000 -1144.92 -2900.87 2000 -1135.08 -2900.87 2000 -1135.08 -2900.79 2005 -1135.06 -2899.07 2008 -1135.09 -2899.13 2000 -1135.08 -2899.07 2008 -1135.09 -2925.24 2005 -1137.01 -2925.24 2008 -1137.01 -2925.24 2008 -1137.01 -2925.24 2005 -1142.99 -2925.24 2005 -1142.99 -2925.24 2008 -1142.99 </float_array>
					<technique_common>
						<accessor count="3981" source="#geo_1-Position-array" stride="3">
							<param name="X" type="float"/>
							<param name="Y" type="float"/>
							<param name="Z" type="float"/>
						</accessor>
					</technique_common>
				</source>
				<source id="geo_1-Normals">
					<float_array count="11943" id="geo_1-Normals-array">0 0 1 0 -0.309017 0.951057 0 0 1 -0.0954915 -0.293893 0.951057 0 0 1 0 0 1 -0.181636 -0.25 0.951057 -0.262965 -0.322902 0.909166 -0.181636 -0.559017 0.809017 -0.345491 -0.475528 0.809017 -0.25 -0.769421 0.587785 -0.475528 -0.654508 0.587785 -0.293893 -0.904508 0.309017 -0.559017 -0.769421 0.309017 -0.309017 -0.951057 0 -0.587785 -0.809017 0 0 -0.587785 0.809017 0 -0.809017 0.587785 0 -0.951057 0.309017 0 -1 0 -0.769421 -0.559017 0.309017 -0.809017 -0.587785 0 -0.904508 -0.293893 0.309017 -0.951057 -0.309017 0 -1 0 0 -0.577373 -0.450079 0.681227 -0.654508 -0.475528 0.587785 0 0 1 0 0 1 0 -0.309017 0.951057 0 -0.309017 0.951057 0 -0.587785 0.809017 0 -0.587785 0.809017 0 -0.809017 0.587785 0 -0.809017 0.587785 0 -0.951057 0.309017 0 -0.951057 0.309017 0 -1 0 0 -1 0 0.262965 -0.322902 0.909166 0.181636 -0.25 0.951057 0 0 1 0.0954915 -0.293893 0.951057 0 0 1 0 0 1 0 -0.309017 0.951057 0 0 1 0.577373 -0.450079 0.681227 0.345491 -0.475528 0.809017 1 0 0 0.904508 -0.293893 0.309017 0.654508 -0.475528 0.587785 0.475528 -0.654508 0.587785 0.769421 -0.559017 0.309017 0.559017 -0.769421 0.309017 0.809017 -0.587785 0 0.587785 -0.809017 0 0.951057 -0.309017 0 0.293893 -0.904508 0.309017 0.309017 -0.951057 0 0 -0.951057 0.309017 0 -1 0 0 -0.809017 0.587785 0.25 -0.769421 0.587785 0 -0.587785 0.809017 0.181636 -0.559017 0.809017 0 0 1 0 0 1 0 0 1 0 0 1 0 0 1 0 0 1 0 0 1 0 0 1 0 0 1 0 0 1 0 0 -1 0 -0.309017 -0.951057 0 0 -1 0.0954915 -0.293893 -0.951057 0 0 -1 0 0 -1 0.181636 -0.25 -0.951057 0.262965 -0.322902 -0.909166 0.181636 -0.559017 -0.809017 0.345491 -0.475528 -0.809017 0.25 -0.769421 -0.587785 0.475528 -0.654508 -0.587785 0.293893 -0.904508 -0.309017 0.559017 -0.769421 -0.309017 0.309017 -0.951057 0 0.587785 -0.809017 0 0 -0.587785 -0.809017 0 -0.809017 -0.587785 0 -0.951057 -0.309017 0 -1 0 0.769421 -0.559017 -0.309017 0.809017 -0.587785 0 0.904508 -0.293893 -0.309017 0.951057 -0.309017 0 1 0 0 0.577373 -0.450079 -0.681227 0.654508 -0.475528 -0.587785 0 0 -1 0 0 -1 0 -0.309017 -0.951057 0 -0.309017 -0.951057 0 -0.587785 -0.809017 0 -0.587785 -0.809017 0 -0.809017 -0.587785 0 -0.809017 -0.587785 0 -0.951057 -0.309017 0 -0.951057 -0.309017 0 -1 0 0 -1 0 -0.262965 -0.322902 -0.909166 -0.181636 -0.25 -0.951057 0 0 -1 -0.0954915 -0.293893 -0.951057 0 0 -1 0 0 -1 0 -0.309017 -0.951057 0 0 -1 -0.577373 -0.450079 -0.681227 -0.345491 -0.475528 -0.809017 -1 0 0 -0.904508 -0.293893 -0.309017 -0.654508 -0.475528 -0.587785 -0.475528 -0.654508 -0.587785 -0.769421 -0.559017 -0.309017 -0.559017 -0.769421 -0.309017 -0.809017 -0.587785 0 -0.587785 -0.809017 0 -0.951057 -0.309017 0 -0.293893 -0.904508 -0.309017 -0.309017 -0.951057 0 0 -0.951057 -0.309017 0 -1 0 0 -0.809017 -0.587785 -0.25 -0.769421 -0.587785 0 -0.587785 -0.809017 -0.181636 -0.559017 -0.809017 0 0 -1 0 0 -1 0 0 -1 0 0 -1 0 0 -1 0 0 -1 0 0 -1 0 0 -1 0 0 -1 0 0 -1 0 -1 0 0 -1 0 0.309017 -0.951057 0 0.309017 -0.951057 0 0.587785 -0.809017 0 0.587785 -0.809017 0 0.809017 -0.587785 0 0.809017 -0.587785 0 0.951057 -0.309017 0 0.951057 -0.309017 0 1 0 0 1 0 0 0 -1 0 0 -1 0 0 -1 0 0 -1 0 -1 0 0 -1 0 0 -0.951057 -0.309017 0 -0.951057 -0.309017 0 -0.809017 -0.587785 0 -0.809017 -0.587785 0 -0.587785 -0.809017 0 -0.587785 -0.809017 0 -0.309017 -0.951057 0 -0.309017 -0.951057 0 0 -1 0 0 -1 0 1 0 0 1 0 0 1 0 0 1 0 0 1 0 0 1 0 0 1 0 0 1 0 0 1 0 0 1 0 0 1 0 0 1 0 0 1 0 0 1 0 0 0 1 0 0 1 0 -0.000431854 0.999997 -0.00254231 -0.0326746 0.980295 -0.194817 0.0551796 0.951057 -0.304051 -0.0629596 0.922944 -0.37975 -0.0902487 0.830362 -0.549867 0.104958 0.809017 -0.578338 -0.113757 0.706035 -0.698981 0.144462 0.587785 -0.796015 -0.132793 0.554637 -0.821428 -0.146792 0.382021 -0.912421 0.169825 0.309017 -0.935771 -0.155356 0.194737 -0.968474 0.185946 0 -0.98256 -0.158237 0 -0.987401 0.15551 0.951057 -0.267036 0 1 0 0.237216 0.951057 -0.19804 0 1 0 0 1 0 0.290552 0.951057 -0.105218 0 1 0 0.309017 0.951057 0 0.290552 0.951057 0.105218 0.552738 0.809017 0.19993 0.451212 0.809017 0.376695 0.62104 0.587785 0.518477 0.760882 0.587785 0.274894 0.730076 0.309017 0.609506 0.47861 0.309017 0.821852 0.508098 0 0.861299 0.185946 0 0.98256 0.169825 0.309017 0.935771 -0.155356 0.194737 0.968474 -0.146792 0.382021 0.912421 0.144462 0.587785 0.796015 -0.132793 0.554637 0.821428 -0.113757 0.706035 0.698981 0.104958 0.809017 0.578338 -0.0902487 0.830362 0.549867 0.0551796 0.951057 0.304051 -0.0629596 0.922944 0.37975 -0.0326746 0.980295 0.194817 0 1 0 -0.000431853 0.999997 0.00254231 0 1 0 0 1 0 0.237216 0.951057 0.19804 0.295798 0.809017 0.507932 0.40713 0.587785 0.699109 0 1 0 0.15551 0.951057 0.267036 0 1 0 -0.158237 0 0.987401 0.770048 0 0.637986 0.894592 0.309017 0.322821 0.809017 0.587785 0 0.587785 0.809017 0 0.552738 0.809017 -0.19993 0.451212 0.809017 -0.376695 0.940757 0 0.339081 0.951057 0.309017 0 0.894592 0.309017 -0.322821 0.760882 0.587785 -0.274894 0.730076 0.309017 -0.609506 0.62104 0.587785 -0.518477 0.40713 0.587785 -0.699109 0.295798 0.809017 -0.507932 1 0 0 0.940757 0 -0.339081 0.770048 0 -0.637986 0.508098 0 -0.861299 0.47861 0.309017 -0.821852 0 1 0 0 1 0 -0.000204671 0.999997 0.00257059 -0.0156784 0.980295 0.196915 -0.0245264 0.951057 0.308042 -0.0305518 0.922944 0.383719 -0.046652 0.809017 0.585931 -0.0442264 0.830362 0.555466 -0.0562073 0.706035 0.705943 -0.0642109 0.587785 0.806465 -0.0660424 0.554637 0.829467 -0.0733492 0.382021 0.921238 -0.0754845 0.309017 0.948056 -0.0778496 0.194737 0.977761 -0.0793691 0 0.996845 -0.0793691 0 0.996845 0 1 0 -0.0245264 0.951057 -0.308042 0 1 0 -0.123421 0.951057 -0.2833 0 1 0 -0.208884 0.951057 -0.227725 0 1 0 -0.271614 0.951057 -0.147368 0 1 0 -0.304784 0.951057 -0.0509716 0 1 0 -0.304784 0.951057 0.0509716 0 1 0 -0.271614 0.951057 0.147368 0 1 0 -0.208884 0.951057 0.227725 0 1 0 -0.123421 0.951057 0.2833 0 1 0 -0.0245264 0.951057 0.308042 -0.234761 0.809017 0.538868 -0.046652 0.809017 0.585931 -0.323121 0.587785 0.741688 -0.0642109 0.587785 0.806465 -0.379852 0.309017 0.871907 -0.0754845 0.309017 0.948056 -0.3994 0 0.916777 -0.0793691 0 0.996845 -0.046652 0.809017 -0.585931 -0.234761 0.809017 -0.538868 -0.397322 0.809017 -0.433159 -0.516641 0.809017 -0.28031 -0.579734 0.809017 -0.0969537 -0.579734 0.809017 0.0969537 -0.516641 0.809017 0.28031 -0.397322 0.809017 0.433159 -0.0642109 0.587785 -0.806465 -0.323121 0.587785 -0.741688 -0.546866 0.587785 -0.596193 -0.711095 0.587785 -0.385813 -0.797935 0.587785 -0.133445 -0.797935 0.587785 0.133445 -0.711095 0.587785 0.385813 -0.546866 0.587785 0.596193 -0.0754845 0.309017 -0.948056 -0.379852 0.309017 -0.871907 -0.64288 0.309017 -0.700866 -0.835943 0.309017 -0.453551 -0.938029 0.309017 -0.156874 -0.938029 0.309017 0.156874 -0.835943 0.309017 0.453551 -0.64288 0.309017 0.700866 -0.0793691 0 -0.996845 -0.3994 0 -0.916777 -0.675964 0 -0.736935 -0.878962 0 -0.476891 -0.986302 0 -0.164948 -0.986302 0 0.164948 -0.878962 0 0.476891 -0.675964 0 0.736935 -0.0793691 0 -0.996845 -0.0793691 0 -0.996845 -0.0778496 0.194737 -0.977761 -0.0754845 0.309017 -0.948056 -0.0733492 0.382021 -0.921238 -0.0642109 0.587785 -0.806465 -0.0660424 0.554637 -0.829467 -0.0562073 0.706035 -0.705943 -0.046652 0.809017 -0.585931 -0.0442264 0.830362 -0.555466 -0.0305518 0.922944 -0.383719 -0.0245264 0.951057 -0.308042 -0.0156785 0.980295 -0.196915 0 1 0 -0.000204671 0.999997 -0.00257059 0 1 0 -0.0793691 0 -0.996845 -0.0793691 0 -0.996845 -0.0793691 0 -0.996845 -0.0793691 0 -0.996845 0.939693 0 -0.34202 0.940757 0 -0.339081 1 0 0 1 0 0 1 0 0 1 0 0 0.940757 0 0.339081 0.770048 0 -0.637986 0.766044 0 -0.642788 0.508098 0 -0.861299 0.5 0 -0.866025 0.185946 0 -0.98256 0.173648 0 -0.984808 -0.158237 0 -0.987401 -0.158237 0 -0.987401 -0.173648 0 -0.984808 -0.455255 0 -0.890361 -0.5 0 -0.866025 -0.707824 0 -0.706389 -0.766044 0 -0.642788 -0.891283 0 -0.453448 -0.939693 0 -0.34202 -0.98772 0 -0.156234 -1 0 0 -0.98772 0 0.156234 -0.939693 0 0.34202 -0.891283 0 0.453448 -0.766044 0 0.642788 -0.707824 0 0.706389 -0.5 0 0.866025 -0.455255 0 0.890361 -0.173648 0 0.984808 -0.158237 0 0.987401 0.173648 0 0.984808 0.185946 0 0.98256 0.5 0 0.866025 0.508098 0 0.861299 0.766044 0 0.642788 0.770048 0 0.637986 0.939693 0 0.34202 -0.158237 0 0.987401 0 1 0 0 1 0 0 1 0 0 1 0 0 1 0 0 1 0 0 1 0 0 1 0 0 1 0 0 1 0 0 1 0 0 1 0 0 1 0 0 1 0 0 1 0 0 1 0 0 1 0 0 1 0 0 1 0 0 1 0 0 1 0 -0.0793691 0 0.996845 -0.0793691 0 0.996845 -0.3994 0 0.916777 -0.3994 0 0.916777 -0.675964 0 0.736935 -0.675964 0 0.736935 -0.878962 0 0.476891 -0.878962 0 0.476891 -0.986302 0 0.164948 -0.986302 0 0.164948 -0.986302 0 -0.164948 -0.986302 0 -0.164948 -0.878962 0 -0.476891 -0.878962 0 -0.476891 -0.675964 0 -0.736935 -0.675964 0 -0.736935 -0.3994 0 -0.916777 -0.3994 0 -0.916777 -0.0793691 0 -0.996845 -0.0793691 0 -0.996845 -0.0793691 0 0.996845 -0.0793691 0 0.996845 -0.0793691 0 0.996845 -0.0793691 0 0.996845 0 -1 0 0 -1 0 0 -1 0 0 -1 0 0 -1 0 0 -1 0 0 -1 0 0 -1 0 0 -1 0 0 -1 0 0 -1 0 0 -1 0 0 -1 0 0 -1 0 0 -1 0 0 -1 0 0 -1 0 0 -1 0 0 -1 0 0 -1 0 0 0 -1 0 0 -1 0 0 -1 0 0 -1 -1 0 0 -1 0 0 -1 0 0 -1 0 0 -1 0 0 -1 0 0 -1 0 0 -1 0 0 -1 0 0 -1 0 0 -1 0 0 -1 0 0 -1 0 0 -1 0 0 -1 0 0 -1 0 0 -1 0 0 -1 0 0 1 0 0 1 0 0 1 0 0 1 0 0 1 0 0 1 0 0 1 0 0 1 0 0 0 0 1 0 0 1 0 0 1 0 0 1 0 0 1 0 0 1 0 0 1 0 0 1 0 0 1 0 0 1 0 0 1 0 0 1 -1 0 0 -1 0 0 -1 0 0 -1 0 0 0 0 -1 0 0 -1 0 0 -1 0 0 -1 1 0 0 1 0 0 1 0 0 1 0 0 0 1 0 0 1 0 0 1 0 0 1 0 -1 0 0 -1 0 0 -1 0 0 -1 0 0 0 -1 0 0 -1 0 0 -1 0 0 -1 0 0 0 -1 0 0 -1 0 0 -1 0 0 -1 0 0 -1 0 0 -1 0 0 -1 0 0 -1 0 1 0 0 1 0 0 1 0 0 1 0 1 0 0 1 0 0 1 0 0 1 0 0 1 0 0 1 0 0 0 1 0 0 1 0 0 1 0 0 1 0 1 0 0 1 0 0 1 0 0 1 0 0 0 1 0 0 1 0 0 1 0 0 1 0 0 1 0 0 1 0 0 1 0 0 1 0 1 0 0 1 0 0 1 0 0 1 0 0 0 1 0 0 1 0 0 1 0 0 1 0 0 1 0 0 1 0 0 1 0 0 1 0 1 0 0 1 0 0 1 0 0 1 0 0 0 1 0 0 1 0 0 1 0 0 1 0 0 1 0 0 1 0 0 1 0 0 1 0 1 0 0 1 0 0 1 0 0 1 0 0 0 1 0 0 1 0 0 1 0 0 1 0 0 1 0 0 1 0 0 1 0 0 1 0 1 0 0 1 0 0 1 0 0 1 0 0 0 1 0 0 1 0 0 1 0 0 1 0 0 1 0 0 1 0 0 1 0 0 1 0 1 0 0 1 0 0 1 0 0 1 0 0 0 1 0 0 1 0 0 1 0 0 1 0 0 1 0 0 1 0 0 1 0 0 1 0 1 0 0 1 0 0 1 0 0 1 0 0 0 1 0 0 1 0 0 1 0 0 1 0 0 1 0 0 1 0 0 1 0 0 1 0 1 0 0 1 0 0 1 0 0 1 0 0 0 1 0 0 1 0 0 1 0 0 1 0 0 1 0 0 1 0 0 1 0 0 1 0 1 0 0 1 0 0 1 0 0 1 0 0 0 1 0 0 1 0 0 1 0 0 1 0 -1 0 0 -1 0 0 -1 0 0 -1 0 0 0 1 0 0 1 0 0 1 0 0 1 0 1 0 0 1 0 0 1 0 0 1 0 0 -1 0 0 -1 0 0 -1 0 0 -1 0 0 0 1 0 0 1 0 0 1 0 0 1 0 1 0 0 1 0 0 1 0 0 1 0 0 -1 0 0 -1 0 0 -1 0 0 -1 0 0 0 1 0 0 1 0 0 1 0 0 1 0 1 0 0 1 0 0 1 0 0 1 0 0 -1 0 0 -1 0 0 -1 0 0 -1 0 0 0 1 0 0 1 0 0 1 0 0 1 0 1 0 0 1 0 0 1 0 0 1 0 0 -1 0 0 -1 0 0 -1 0 0 -1 0 0 0 1 0 0 1 0 0 1 0 0 1 0 1 0 0 1 0 0 1 0 0 1 0 0 -1 0 0 -1 0 0 -1 0 0 -1 0 0 0 1 0 0 1 0 0 1 0 0 1 0 1 0 0 1 0 0 1 0 0 1 0 0 -1 0 0 -1 0 0 -1 0 0 -1 0 0 0 1 0 0 1 0 0 1 0 0 1 0 1 0 0 1 0 0 1 0 0 1 0 0 -1 0 0 -1 0 0 -1 0 0 -1 0 0 0 1 0 0 1 0 0 1 0 0 1 0 1 0 0 1 0 0 1 0 0 1 0 0 -1 0 0 -1 0 0 -1 0 0 -1 0 0 0 1 0 0 1 0 0 1 0 0 1 0 1 0 0 1 0 0 1 0 0 1 0 0 -1 0 0 -1 0 0 -1 0 0 -1 0 0 0 1 0 0 1 0 0 1 0 0 1 0 1 0 0 1 0 0 1 0 0 1 0 0 -1 0 0 -1 0 0 -1 0 0 -1 0 0 0 1 0 0 1 0 0 1 0 0 1 0 0 1 0 0 1 0 0 1 0 0 1 0 1 0 0 1 0 0 1 0 0 1 0 0 -1 0 0 -1 0 0 -1 0 0 -1 0 0 0 1 0 0 1 0 0 1 0 0 1 0 1 0 0 1 0 0 1 0 0 1 0 0 -1 0 0 -1 0 0 -1 0 0 -1 0 0 0 1 0 0 1 0 0 1 0 0 1 0 1 0 0 1 0 0 1 0 0 1 0 0 -1 0 0 -1 0 0 -1 0 0 -1 0 0 0 1 0 0 1 0 0 1 0 0 1 0 1 0 0 1 0 0 1 0 0 1 0 0 -1 0 0 -1 0 0 -1 0 0 -1 0 0 0 1 0 0 1 0 0 1 0 0 1 0 1 0 0 1 0 0 1 0 0 1 0 0 -1 0 0 -1 0 0 -1 0 0 -1 0 0 0 1 0 0 1 0 0 1 0 0 1 0 1 0 0 1 0 0 1 0 0 1 0 0 0 -1 0 0 -1 0 0 -1 0 0 -1 0 -1 0 0 -1 0 0 -1 0 0 -1 0 0 -1 0 0 -1 0 0 -1 0 0 -1 0 0 -1 0 0 -1 0 0 -1 0 0 -1 0 0 0 -1 0 0 -1 0 0 -1 0 0 -1 0 0 1 0 0 1 0 0 1 0 0 1 0 -1 0 0 -1 0 0 -1 0 0 -1 0 0 -1 0 0 -1 0 0 -1 0 0 -1 0 0 1 0 0 1 0 0 1 0 0 1 0 0 0 -1 0 0 -1 0 0 -1 0 0 -1 0 -1 0 0 -1 0 0 -1 0 0 -1 0 0 -1 0 0 -1 0 0 -1 0 0 -1 0 0 -1 0 0 -1 0 0 -1 0 0 -1 0 0 0 -1 0 0 -1 0 0 -1 0 0 -1 0 0 1 0 0 1 0 0 1 0 0 1 0 -1 0 0 -1 0 0 -1 0 0 -1 0 0 -1 0 0 -1 0 0 -1 0 0 -1 0 0 1 0 0 1 0 0 1 0 0 1 0 0 0 -1 0 0 -1 0 0 -1 0 0 -1 0 -1 0 0 -1 0 0 -1 0 0 -1 0 0 -1 0 0 -1 0 0 -1 0 0 -1 0 0 -1 0 0 -1 0 0 -1 0 0 -1 0 0 0 -1 0 0 -1 0 0 -1 0 0 -1 0 0 1 0 0 1 0 0 1 0 0 1 0 -1 0 0 -1 0 0 -1 0 0 -1 0 0 -1 0 0 -1 0 0 -1 0 0 -1 0 0 1 0 0 1 0 0 1 0 0 1 0 0 0 -1 0 0 -1 0 0 -1 0 0 -1 0 -1 0 0 -1 0 0 -1 0 0 -1 0 0 -1 0 0 -1 0 0 -1 0 0 -1 0 0 -1 0 0 -1 0 0 -1 0 0 -1 0 0 0 -1 0 0 -1 0 0 -1 0 0 -1 0 0 1 0 0 1 0 0 1 0 0 1 0 -1 0 0 -1 0 0 -1 0 0 -1 0 0 -1 0 0 -1 0 0 -1 0 0 -1 0 0 1 0 0 1 0 0 1 0 0 1 0 0 0 -1 0 0 -1 0 0 -1 0 0 -1 0 -1 0 0 -1 0 0 -1 0 0 -1 0 0 -1 0 0 -1 0 0 -1 0 0 -1 0 0 -1 0 0 -1 0 0 -1 0 0 -1 0 0 0 -1 0 0 -1 0 0 -1 0 0 -1 0 0 1 0 0 1 0 0 1 0 0 1 0 -1 0 0 -1 0 0 -1 0 0 -1 0 0 -1 0 0 -1 0 0 -1 0 0 -1 0 0 1 0 0 1 0 0 1 0 0 1 0 0 0 -1 0 0 -1 0 0 -1 0 0 -1 0 -1 0 0 -1 0 0 -1 0 0 -1 0 0 -1 0 0 -1 0 0 -1 0 0 -1 0 0 0 -1 0 0 -1 0 0 -1 0 0 -1 0 0 1 0 0 1 0 0 1 0 0 1 0 -1 0 0 -1 0 0 -1 0 0 -1 0 0 -1 0 0 -1 0 0 -1 0 0 -1 0 0 1 0 0 1 0 0 1 0 0 1 0 0 0 -1 0 0 -1 0 0 -1 0 0 -1 0 0 -1 0 0 -1 0 0 -1 0 0 -1 0 -1 0 0 -1 0 0 -1 0 0 -1 0 0 -1 0 0 -1 0 0 -1 0 0 -1 0 0 0 -1 0 0 -1 0 0 -1 0 0 -1 0 -1 0 0 -1 0 0 -1 0 0 -1 0 0 -1 0 0 -1 0 0 -1 0 0 -1 0 0 0 -1 0 0 -1 0 0 -1 0 0 -1 0 0 -1 0 0 -1 0 0 -1 0 0 -1 0 -1 0 0 -1 0 0 -1 0 0 -1 0 0 -1 0 0 -1 0 0 -1 0 0 -1 0 0 0 -1 0 0 -1 0 0 -1 0 0 -1 0 -1 0 0 -1 0 0 -1 0 0 -1 0 0 -1 0 0 -1 0 0 -1 0 0 -1 0 0 0 -1 0 0 -1 0 0 -1 0 0 -1 0 0 -1 0 0 -1 0 0 -1 0 0 -1 0 -1 0 0 -1 0 0 -1 0 0 -1 0 0 -1 0 0 -1 0 0 -1 0 0 -1 0 0 0 -1 0 0 -1 0 0 -1 0 0 -1 0 -1 0 0 -1 0 0 -1 0 0 -1 0 0 -1 0 0 -1 0 0 -1 0 0 -1 0 0 0 -1 0 0 -1 0 0 -1 0 0 -1 0 0 -1 0 0 -1 0 0 -1 0 0 -1 0 -1 0 0 -1 0 0 -1 0 0 -1 0 0 -1 0 0 -1 0 0 -1 0 0 -1 0 0 0 -1 0 0 -1 0 0 -1 0 0 -1 0 -1 0 0 -1 0 0 -1 0 0 -1 0 0 -1 0 0 -1 0 0 -1 0 0 -1 0 0 0 -1 0 0 -1 0 0 -1 0 0 -1 0 0 -1 0 0 -1 0 0 -1 0 0 -1 0 -1 0 0 -1 0 0 -1 0 0 -1 0 0 -1 0 0 -1 0 0 -1 0 0 -1 0 0 0 -1 0 0 -1 0 0 -1 0 0 -1 0 -1 0 0 -1 0 0 -1 0 0 -1 0 0 0 -1 0 0 -1 0 0 -1 0 0 -1 0 0 -1 0 0 -1 0 0 -1 0 0 -1 0 -1 0 0 -1 0 0 -1 0 0 -1 0 0 0 -1 0 0 -1 0 0 -1 0 0 -1 0 0 1 0 0 1 0 0 1 0 0 1 0 -1 0 0 -1 0 0 -1 0 0 -1 0 0 0 1 0 0 1 0 0 1 0 0 1 0 0 -1 0 0 -1 0 0 -1 0 0 -1 0 -1 0 0 -1 0 0 -1 0 0 -1 0 0 0 -1 0 0 -1 0 0 -1 0 0 -1 0 0 1 0 0 1 0 0 1 0 0 1 0 -1 0 0 -1 0 0 -1 0 0 -1 0 0 0 -1 0 0 -1 0 0 -1 0 0 -1 0 0 1 0 0 1 0 0 1 0 0 1 0 0 -1 0 0 -1 0 0 -1 0 0 -1 0 -1 0 0 -1 0 0 -1 0 0 -1 0 0 0 -1 0 0 -1 0 0 -1 0 0 -1 0 0 1 0 0 1 0 0 1 0 0 1 0 -1 0 0 -1 0 0 -1 0 0 -1 0 0 0 -1 0 0 -1 0 0 -1 0 0 -1 0 0 1 0 0 1 0 0 1 0 0 1 0 0 -1 0 0 -1 0 0 -1 0 0 -1 0 -1 0 0 -1 0 0 -1 0 0 -1 0 0 0 -1 0 0 -1 0 0 -1 0 0 -1 0 0 1 0 0 1 0 0 1 0 0 1 0 -1 0 0 -1 0 0 -1 0 0 -1 0 0 0 -1 0 0 -1 0 0 -1 0 0 -1 0 0 1 0 0 1 0 0 1 0 0 1 0 0 -1 0 0 -1 0 0 -1 0 0 -1 0 -1 0 0 -1 0 0 -1 0 0 -1 0 0 0 -1 0 0 -1 0 0 -1 0 0 -1 0 0 1 0 0 1 0 0 1 0 0 1 0 -1 0 0 -1 0 0 -1 0 0 -1 0 0 1 0 0 1 0 0 1 0 0 1 0 0 0 -1 0 0 -1 0 0 -1 0 0 -1 0 0 1 0 0 1 0 0 1 0 0 1 0 0 -1 0 0 -1 0 0 -1 0 0 -1 0 -1 0 0 -1 0 0 -1 0 0 -1 0 0 0 1 0 0 1 0 0 1 0 0 1 0 0 0 1 0 0 1 0 0 1 0 0 1 0 0 1 0 0 1 0 0 1 0 0 1 0 0 -1 0 0 -1 0 0 -1 0 0 -1 0 0 1 0 0 1 0 0 1 0 0 1 0 0 1 0 0 1 0 0 1 0 0 1 0 0 -1 0 0 -1 0 0 -1 0 0 -1 0 0 -1 0 0 -1 0 0 -1 0 0 -1 0 0 1 0 0 1 0 0 1 0 0 1 0 0 -1 0 0 -1 0 0 -1 0 0 -1 0 0 -1 0 0 -1 0 0 -1 0 0 -1 0 0 1 0 0 1 0 0 1 0 0 1 0 0 1 0 0 1 0 0 1 0 0 1 0 0 -1 0 0 -1 0 0 -1 0 0 -1 -1 0 0 -1 0 0 -1 0 0 -1 0 0 -1 0 0 -1 0 0 -1 0 0 -1 0 0 1 0 0 1 0 0 1 0 0 1 0 0 1 0 0 1 0 0 1 0 0 1 0 0 1 0 0 1 0 0 1 0 0 1 0 0 1 0 0 1 0 0 1 0 0 1 0 0 -1 0 0 -1 0 0 -1 0 0 -1 0 0 -1 0 0 -1 0 0 -1 0 0 -1 0 0 -1 0 0 -1 0 0 -1 0 0 -1 0 0 0 0 -1 0 0 -1 0 0 -1 0 0 -1 0 0 -1 0 0 -1 0 0 -1 0 0 -1 0 0 -1 0 0 -1 0 0 -1 0 0 -1 0 0 -1 0 0 -1 0 0 -1 0 0 -1 0 0 -1 0 0 -1 0 0 -1 0 0 -1 0 0 -1 0 0 -1 0 0 -1 0 0 -1 1 0 0 1 0 0 1 0 0 1 0 0 0 0 1 0 0 1 0 0 1 0 0 1 0 0 1 0 0 1 0 0 1 0 0 1 0 0 1 0 0 1 0 0 1 0 0 1 0 0 1 0 0 1 0 0 1 0 0 1 0 0 1 0 0 1 0 0 1 0 0 1 -1 0 0 -1 0 0 -1 0 0 -1 0 0 -1 0 0 -1 0 0 -1 0 0 -1 0 0 0 1 0 0 1 0 0 1 0 0 1 0 0 1 0 0 1 0 0 1 0 0 1 0 0 1 0 0 1 0 0 1 0 0 1 0 1 0 0 1 0 0 1 0 0 1 0 0 0 0 1 0 0 1 0 0 1 0 0 1 1 0 0 1 0 0 1 0 0 1 0 0 0 -1 0 0 -1 0 0 -1 0 0 -1 0 0 -1 0 0 -1 0 0 -1 0 0 -1 0 0 -1 0 0 -1 0 0 -1 0 0 -1 0 1 0 0 1 0 0 1 0 0 1 0 0 0 1 0 0 1 0 0 1 0 0 1 0 -1 0 0 -1 0 0 -1 0 0 -1 0 0 1 0 0 1 0 0 1 0 0 1 0 0 0 1 0 0 1 0 0 1 0 0 1 0 -1 0 0 -1 0 0 -1 0 0 -1 0 0 1 0 0 1 0 0 1 0 0 1 0 0 0 1 0 0 1 0 0 1 0 0 1 0 -1 0 0 -1 0 0 -1 0 0 -1 0 0 1 0 0 1 0 0 1 0 0 1 0 0 0 1 0 0 1 0 0 1 0 0 1 0 -1 0 0 -1 0 0 -1 0 0 -1 0 0 0 0 -1 0 0 -1 0 0 -1 0 0 -1 -1 0 0 -1 0 0 -1 0 0 -1 0 0 0 0 1 0 0 1 0 0 1 0 0 1 0 0 1 0 0 1 0 0 1 0 0 1 0 0 1 0 0 1 0 0 1 0 0 1 0 0 1 0 0 1 0 0 1 0 0 1 0 0 1 0 0 1 0 0 1 0 0 1 0 0 1 0 0 1 0 0 1 0 0 1 1 0 0 1 0 0 1 0 0 1 0 0 0 0 -1 0 0 -1 0 0 -1 0 0 -1 0 0 -1 0 0 -1 0 0 -1 0 0 -1 0 0 -1 0 0 -1 0 0 -1 0 0 -1 0 0 -1 0 0 -1 0 0 -1 0 0 -1 0 0 -1 0 0 -1 0 0 -1 0 0 -1 -1 0 0 -1 0 0 -1 0 0 -1 0 0 -1 0 0 -1 0 0 -1 0 0 -1 0 0 0 1 0 0 1 0 0 1 0 0 1 0 0 1 0 0 1 0 0 1 0 0 1 0 0 1 0 0 1 0 0 1 0 0 1 0 1 0 0 1 0 0 1 0 0 1 0 0 1 0 0 1 0 0 1 0 0 1 0 0 0 0 -1 0 0 -1 0 0 -1 0 0 -1 0 -1 0 0 -1 0 0 -1 0 0 -1 0 0 -1 0 0 -1 0 0 -1 0 0 -1 0 0 -1 0 0 -1 0 0 -1 0 0 -1 0 1 0 0 1 0 0 1 0 0 1 0 0 0 1 0 0 1 0 0 1 0 0 1 0 -1 0 0 -1 0 0 -1 0 0 -1 0 0 1 0 0 1 0 0 1 0 0 1 0 0 0 1 0 0 1 0 0 1 0 0 1 0 -1 0 0 -1 0 0 -1 0 0 -1 0 0 1 0 0 1 0 0 1 0 0 1 0 0 0 1 0 0 1 0 0 1 0 0 1 0 -1 0 0 -1 0 0 -1 0 0 -1 0 0 1 0 0 1 0 0 1 0 0 1 0 0 0 1 0 0 1 0 0 1 0 0 1 0 -1 0 0 -1 0 0 -1 0 0 -1 0 0 0 0 -1 0 0 -1 0 0 -1 0 0 -1 -1 0 0 -1 0 0 -1 0 0 -1 0 0 0 0 -1 0 0 -1 0 0 -1 0 0 -1 0 0 -1 0 0 -1 0 0 -1 0 0 -1 0 0 -1 0 0 -1 0 0 -1 0 0 -1 0 0 -1 0 0 -1 0 0 -1 0 0 -1 0 0 -1 0 0 -1 0 0 -1 0 0 -1 0 0 -1 0 0 -1 0 0 -1 0 0 -1 1 0 0 1 0 0 1 0 0 1 0 0 0 0 1 0 0 1 0 0 1 0 0 1 0 0 1 0 0 1 0 0 1 0 0 1 0 0 1 0 0 1 0 0 1 0 0 1 0 0 1 0 0 1 0 0 1 0 0 1 0 0 1 0 0 1 0 0 1 0 0 1 -1 0 0 -1 0 0 -1 0 0 -1 0 0 -1 0 0 -1 0 0 -1 0 0 -1 0 0 0 1 0 0 1 0 0 1 0 0 1 0 0 1 0 0 1 0 0 1 0 0 1 0 0 1 0 0 1 0 0 1 0 0 1 0 1 0 0 1 0 0 1 0 0 1 0 0 0 0 1 0 0 1 0 0 1 0 0 1 1 0 0 1 0 0 1 0 0 1 0 0 0 -1 0 0 -1 0 0 -1 0 0 -1 0 0 -1 0 0 -1 0 0 -1 0 0 -1 0 0 -1 0 0 -1 0 0 -1 0 0 -1 0 1 0 0 1 0 0 1 0 0 1 0 0 0 1 0 0 1 0 0 1 0 0 1 0 -1 0 0 -1 0 0 -1 0 0 -1 0 0 1 0 0 1 0 0 1 0 0 1 0 0 0 1 0 0 1 0 0 1 0 0 1 0 -1 0 0 -1 0 0 -1 0 0 -1 0 0 1 0 0 1 0 0 1 0 0 1 0 0 0 1 0 0 1 0 0 1 0 0 1 0 -1 0 0 -1 0 0 -1 0 0 -1 0 0 1 0 0 1 0 0 1 0 0 1 0 0 0 1 0 0 1 0 0 1 0 0 1 0 -1 0 0 -1 0 0 -1 0 0 -1 0 0 -1 0 0 -1 0 0 -1 0 0 -1 0 0 0 0 1 0 0 1 0 0 1 0 0 1 1 0 0 1 0 0 1 0 0 1 0 0 0 0 1 0 0 1 0 0 1 0 0 1 0 0 1 0 0 1 0 0 1 0 0 1 0 0 1 0 0 1 0 0 1 0 0 1 0 0 1 0 0 1 0 0 1 0 0 1 0 0 1 0 0 1 0 0 1 0 0 1 0 0 1 0 0 1 1 0 0 1 0 0 1 0 0 1 0 0 0 0 -1 0 0 -1 0 0 -1 0 0 -1 0 0 -1 0 0 -1 0 0 -1 0 0 -1 0 0 -1 0 0 -1 0 0 -1 0 0 -1 0 0 -1 0 0 -1 0 0 -1 0 0 -1 0 0 -1 0 0 -1 -1 0 0 -1 0 0 -1 0 0 -1 0 0 -1 0 0 -1 0 0 -1 0 0 -1 0 0 0 1 0 0 1 0 0 1 0 0 1 0 0 1 0 0 1 0 0 1 0 0 1 0 0 1 0 0 1 0 0 1 0 0 1 0 1 0 0 1 0 0 1 0 0 1 0 0 0 0 -1 0 0 -1 0 0 -1 0 0 -1 0 -1 0 0 -1 0 0 -1 0 0 -1 0 0 -1 0 0 -1 0 0 -1 0 0 -1 0 0 -1 0 0 -1 0 0 -1 0 0 -1 0 1 0 0 1 0 0 1 0 0 1 0 0 0 1 0 0 1 0 0 1 0 0 1 0 -1 0 0 -1 0 0 -1 0 0 -1 0 0 1 0 0 1 0 0 1 0 0 1 0 0 0 1 0 0 1 0 0 1 0 0 1 0 -1 0 0 -1 0 0 -1 0 0 -1 0 0 1 0 0 1 0 0 1 0 0 1 0 0 1 0 0 1 0 0 1 0 0 1 0 0 0 1 0 0 1 0 0 1 0 0 1 0 -1 0 0 -1 0 0 -1 0 0 -1 0 0 1 0 0 1 0 0 1 0 0 1 0 0 1 0 0 1 0 0 1 0 0 1 0 0 1 0 0 1 0 0 1 0 0 1 0 0 1 0 0 1 0 0 1 0 0 1 0 0 1 0 0 1 0 0 1 0 0 1 0 0 1 0 0 1 0 0 1 0 0 1 0 0 1 0 0 1 0 0 1 0 0 1 0 0 1 0 0 1 0 0 1 0 0 1 0 0 -1 0 0 -1 0 0 -1 0 0 -1 0 0 0 1 0 0 1 0 0 1 0 0 1 0 1 0 0 1 0 0 1 0 0 1 0 0 -1 0 0 -1 0 0 -1 0 0 -1 0 0 0 1 0 0 1 0 0 1 0 0 1 0 1 0 0 1 0 0 1 0 0 1 0 0 -1 0 0 -1 0 0 -1 0 0 -1 0 0 0 1 0 0 1 0 0 1 0 0 1 0 1 0 0 1 0 0 1 0 0 1 0 0 -1 0 0 -1 0 0 -1 0 0 -1 0 0 0 1 0 0 1 0 0 1 0 0 1 0 1 0 0 1 0 0 1 0 0 1 0 0 -1 0 0 -1 0 0 -1 0 0 -1 0 0 0 1 0 0 1 0 0 1 0 0 1 0 1 0 0 1 0 0 1 0 0 1 0 0 -1 0 0 -1 0 0 -1 0 0 -1 0 0 0 1 0 0 1 0 0 1 0 0 1 0 1 0 0 1 0 0 1 0 0 1 0 0 -1 0 0 -1 0 0 -1 0 0 -1 0 0 0 1 0 0 1 0 0 1 0 0 1 0 1 0 0 1 0 0 1 0 0 1 0 0 -1 0 0 -1 0 0 -1 0 0 -1 0 0 0 1 0 0 1 0 0 1 0 0 1 0 1 0 0 1 0 0 1 0 0 1 0 0 -1 0 0 -1 0 0 -1 0 0 -1 0 0 0 1 0 0 1 0 0 1 0 0 1 0 1 0 0 1 0 0 1 0 0 1 0 0 -1 0 0 -1 0 0 -1 0 0 -1 0 0 0 1 0 0 1 0 0 1 0 0 1 0 1 0 0 1 0 0 1 0 0 1 0 0 -1 0 0 -1 0 0 -1 0 0 -1 0 0 0 1 0 0 1 0 0 1 0 0 1 0 1 0 0 1 0 0 1 0 0 1 0 0 -1 0 0 -1 0 0 -1 0 0 -1 0 0 0 1 0 0 1 0 0 1 0 0 1 0 1 0 0 1 0 0 1 0 0 1 0 0 -1 0 0 -1 0 0 -1 0 0 -1 0 0 0 1 0 0 1 0 0 1 0 0 1 0 1 0 0 1 0 0 1 0 0 1 0 0 -1 0 0 -1 0 0 -1 0 0 -1 0 0 0 1 0 0 1 0 0 1 0 0 1 0 1 0 0 1 0 0 1 0 0 1 0 0 -1 0 0 -1 0 0 -1 0 0 -1 0 0 0 1 0 0 1 0 0 1 0 0 1 0 1 0 0 1 0 0 1 0 0 1 0 0 -1 0 0 -1 0 0 -1 0 0 -1 0 0 0 1 0 0 1 0 0 1 0 0 1 0 1 0 0 1 0 0 1 0 0 1 0 0 -1 0 0 -1 0 0 -1 0 0 -1 0 0 0 1 0 0 1 0 0 1 0 0 1 0 1 0 0 1 0 0 1 0 0 1 0 0 -1 0 0 -1 0 0 -1 0 0 -1 0 0 0 1 0 0 1 0 0 1 0 0 1 0 1 0 0 1 0 0 1 0 0 1 0 0 -1 0 0 -1 0 0 -1 0 0 -1 0 0 0 1 0 0 1 0 0 1 0 0 1 0 1 0 0 1 0 0 1 0 0 1 0 0 -1 0 0 -1 0 0 -1 0 0 -1 0 0 0 1 0 0 1 0 0 1 0 0 1 0 1 0 0 1 0 0 1 0 0 1 0 0 -1 0 0 -1 0 0 -1 0 0 -1 0 0 0 1 0 0 1 0 0 1 0 0 1 0 1 0 0 1 0 0 1 0 0 1 0 0 0 -1 0 0 -1 0 0 -1 0 0 -1 0 -1 0 0 -1 0 0 -1 0 0 -1 0 0 0 1 0 0 1 0 0 1 0 0 1 0 0 -1 0 0 -1 0 0 -1 0 0 -1 0 -1 0 0 -1 0 0 -1 0 0 -1 0 0 0 1 0 0 1 0 0 1 0 0 1 0 0 -1 0 0 -1 0 0 -1 0 0 -1 0 -1 0 0 -1 0 0 -1 0 0 -1 0 0 0 1 0 0 1 0 0 1 0 0 1 0 0 -1 0 0 -1 0 0 -1 0 0 -1 0 -1 0 0 -1 0 0 -1 0 0 -1 0 0 0 1 0 0 1 0 0 1 0 0 1 0 0 -1 0 0 -1 0 0 -1 0 0 -1 0 -1 0 0 -1 0 0 -1 0 0 -1 0 0 0 1 0 0 1 0 0 1 0 0 1 0 0 -1 0 0 -1 0 0 -1 0 0 -1 0 -1 0 0 -1 0 0 -1 0 0 -1 0 0 0 1 0 0 1 0 0 1 0 0 1 0 0 -1 0 0 -1 0 0 -1 0 0 -1 0 -1 0 0 -1 0 0 -1 0 0 -1 0 0 0 1 0 0 1 0 0 1 0 0 1 0 0 -1 0 0 -1 0 0 -1 0 0 -1 0 -1 0 0 -1 0 0 -1 0 0 -1 0 0 0 1 0 0 1 0 0 1 0 0 1 0 0 -1 0 0 -1 0 0 -1 0 0 -1 0 -1 0 0 -1 0 0 -1 0 0 -1 0 0 0 1 0 0 1 0 0 1 0 0 1 0 0 -1 0 0 -1 0 0 -1 0 0 -1 0 -1 0 0 -1 0 0 -1 0 0 -1 0 0 0 1 0 0 1 0 0 1 0 0 1 0 0 -1 0 0 -1 0 0 -1 0 0 -1 0 -1 0 0 -1 0 0 -1 0 0 -1 0 0 0 1 0 0 1 0 0 1 0 0 1 0 0 -1 0 0 -1 0 0 -1 0 0 -1 0 0 -1 0 0 -1 0 0 -1 0 0 -1 0 0 -1 0 0 -1 0 0 -1 0 0 -1 0 0 -1 0 0 -1 0 0 -1 0 0 -1 0 0 -1 0 0 -1 0 0 -1 0 0 -1 0 0 -1 0 0 -1 0 0 -1 0 0 -1 0 0 -1 0 0 -1 0 0 -1 0 0 -1 0 0 -1 0 0 -1 0 0 -1 0 0 -1 0 0 -1 0 0 -1 0 0 -1 0 0 -1 0 0 -1 0 0 -1 0 0 -1 0 0 -1 0 0 -1 0 0 -1 0 0 -1 0 0 -1 0 1 0 0 1 0 0 1 0 0 1 0 0 1 0 0 1 0 0 1 0 0 1 0 0 1 0 0 1 0 0 1 0 0 1 0 0 1 0 0 1 0 0 1 0 0 1 0 0 1 0 0 1 0 0 1 0 0 1 0 0 1 0 0 1 0 0 1 0 0 1 0 0 1 0 0 1 0 0 1 0 0 1 0 0 1 0 0 1 0 0 1 0 0 1 0 0 1 0 0 1 0 0 1 0 0 1 0 0 1 0 0 1 0 0 1 0 0 1 0 0 1 0 0 1 0 0 1 0 0 1 0 0 1 0 0 1 0 0 1 0 0 1 0 0 1 0 0 1 0 0 1 0 0 1 0 0 1 0 0 1 0 0 1 0 0 1 0 0 1 0 0 1 0 0 1 0 0 1 0 0 1 0 0 1 0 0 1 0 0 1 0 0 1 0 0 1 0 0 1 0 0 1 0 0 1 0 0 1 0 0 1 0 0 1 0 0 1 0 0 1 0 0 1 0 0 1 0 0 1 0 0 1 0 0 1 0 0 1 0 0 1 0 0 1 0 0 1 0 0 1 0 0 1 0 0 1 0 0 1 0 0 1 0 0 1 0 0 1 0 0 1 0 0 1 0 0 0 -1 0 0 -1 0 0 -1 0 0 -1 0 1 0 0 1 0 0 1 0 0 1 0 0 0 -1 0 0 -1 0 0 -1 0 0 -1 0 1 0 0 1 0 0 1 0 0 1 0 0 0 -1 0 0 -1 0 0 -1 0 0 -1 0 1 0 0 1 0 0 1 0 0 1 0 0 0 -1 0 0 -1 0 0 -1 0 0 -1 0 1 0 0 1 0 0 1 0 0 1 0 0 0 -1 0 0 -1 0 0 -1 0 0 -1 0 1 0 0 1 0 0 1 0 0 1 0 0 0 -1 0 0 -1 0 0 -1 0 0 -1 0 1 0 0 1 0 0 1 0 0 1 0 0 0 -1 0 0 -1 0 0 -1 0 0 -1 0 1 0 0 1 0 0 1 0 0 1 0 0 0 -1 0 0 -1 0 0 -1 0 0 -1 0 1 0 0 1 0 0 1 0 0 1 0 0 0 -1 0 0 -1 0 0 -1 0 0 -1 0 1 0 0 1 0 0 1 0 0 1 0 0 0 -1 0 0 -1 0 0 -1 0 0 -1 0 1 0 0 1 0 0 1 0 0 1 0 0 0 -1 0 0 -1 0 0 -1 0 0 -1 0 1 0 0 1 0 0 1 0 0 1 0 0 0 -1 0 0 -1 0 0 -1 0 0 -1 0 1 0 0 1 0 0 1 0 0 1 0 0 0 -1 0 0 -1 0 0 -1 0 0 -1 0 1 0 0 1 0 0 1 0 0 1 0 0 0 -1 0 0 -1 0 0 -1 0 0 -1 0 1 0 0 1 0 0 1 0 0 1 0 0 0 -1 0 0 -1 0 0 -1 0 0 -1 0 1 0 0 1 0 0 1 0 0 1 0 0 0 -1 0 0 -1 0 0 -1 0 0 -1 0 1 0 0 1 0 0 1 0 0 1 0 0 0 -1 0 0 -1 0 0 -1 0 0 -1 0 1 0 0 1 0 0 1 0 0 1 0 0 0 -1 0 0 -1 0 0 -1 0 0 -1 0 1 0 0 1 0 0 1 0 0 1 0 0 0 -1 0 0 -1 0 0 -1 0 0 -1 0 1 0 0 1 0 0 1 0 0 1 0 0 0 -1 0 0 -1 0 0 -1 0 0 -1 0 1 0 0 1 0 0 1 0 0 1 0 0 0 -1 0 0 -1 0 0 -1 0 0 -1 0 0 1 0 0 1 0 0 1 0 0 1 0 1 0 0 1 0 0 1 0 0 1 0 0 1 0 0 1 0 0 1 0 0 1 0 0 0 0.265156 0.964205 0 0.265156 0.964205 0 0.265156 0.964205 0 0.265156 0.964205 0 0.999056 0.0434372 0 0.999056 0.0434372 0 0.999056 0.0434372 0 0.999056 0.0434372 0 0 1 0 0 1 0 0 1 0 0 1 0 -1 0 0 -1 0 0 -1 0 0 -1 0 0 0 -1 0 0 -1 0 0 -1 0 0 -1 0 -1 0 0 -1 0 0 -1 0 0 -1 0 0 0 1 0 0 1 0 0 1 0 0 1 0 -1 0 0 -1 0 0 -1 0 0 -1 0 0 0 -1 0 0 -1 0 0 -1 0 0 -1 0 -1 0 0 -1 0 0 -1 0 0 -1 0 0 0 1 0 0 1 0 0 1 0 0 1 0 -1 0 0 -1 0 0 -1 0 0 -1 0 0 -0.265156 -0.964205 0 -0.265156 -0.964205 0 -0.265156 -0.964205 0 -0.265156 -0.964205 0 0.265156 -0.964205 0 0.265156 -0.964205 0 0.265156 -0.964205 0 0.265156 -0.964205 0 1 0 0 1 0 0 1 0 0 1 0 0 0 1 0 0 1 0 0 1 0 0 1 0 1 0 0 1 0 0 1 0 0 1 0 0 0 -1 0 0 -1 0 0 -1 0 0 -1 0 1 0 0 1 0 0 1 0 0 1 0 0 0 1 0 0 1 0 0 1 0 0 1 0 1 0 0 1 0 0 1 0 0 1 0 0 0 -1 0 0 -1 0 0 -1 0 0 -1 0 1 0 0 1 0 0 1 0 0 1 0 0 0 1 0 0 1 0 0 1 0 0 1 0 -0.999056 0.0434372 0 -0.999056 0.0434372 0 -0.999056 0.0434372 0 -0.999056 0.0434372 0 -0.265156 0.964205 0 -0.265156 0.964205 0 -0.265156 0.964205 0 -0.265156 0.964205 0 0.265156 -0.964205 0 0.265156 -0.964205 0 0.265156 -0.964205 0 0.265156 -0.964205 0 -0.265156 -0.964205 0 -0.265156 -0.964205 0 -0.265156 -0.964205 0 -0.265156 -0.964205 0 0.999056 0.0434372 0 0.999056 0.0434372 0 0.999056 0.0434372 0 0.999056 0.0434372 0 0 1 0 0 1 0 0 1 0 0 1 0 -1 0 0 -1 0 0 -1 0 0 -1 0 0 0 -1 0 0 -1 0 0 -1 0 0 -1 0 -1 0 0 -1 0 0 -1 0 0 -1 0 0 0 1 0 0 1 0 0 1 0 0 1 0 -1 0 0 -1 0 0 -1 0 0 -1 0 0 0 -1 0 0 -1 0 0 -1 0 0 -1 0 -1 0 0 -1 0 0 -1 0 0 -1 0 0 0 1 0 0 1 0 0 1 0 0 1 0 -1 0 0 -1 0 0 -1 0 0 -1 0 0 -0.265156 -0.964205 0 -0.265156 -0.964205 0 -0.265156 -0.964205 0 -0.265156 -0.964205 0 0.265156 -0.964205 0 0.265156 -0.964205 0 0.265156 -0.964205 0 0.265156 -0.964205 0 1 0 0 1 0 0 1 0 0 1 0 0 0 1 0 0 1 0 0 1 0 0 1 0 1 0 0 1 0 0 1 0 0 1 0 0 0 -1 0 0 -1 0 0 -1 0 0 -1 0 1 0 0 1 0 0 1 0 0 1 0 0 0 1 0 0 1 0 0 1 0 0 1 0 1 0 0 1 0 0 1 0 0 1 0 0 0 -1 0 0 -1 0 0 -1 0 0 -1 0 1 0 0 1 0 0 1 0 0 1 0 0 0 1 0 0 1 0 0 1 0 0 1 0 -0.999056 0.0434372 0 -0.999056 0.0434372 0 -0.999056 0.0434372 0 -0.999056 0.0434372 0 -0.265156 0.964205 0 -0.265156 0.964205 0 -0.265156 0.964205 0 -0.265156 0.964205 0 0.265156 0.964205 0 0.265156 0.964205 0 0.265156 0.964205 0 0.265156 0.964205 0 0.999056 0.0434372 0 0.999056 0.0434372 0 0.999056 0.0434372 0 0.999056 0.0434372 0 0 1 0 0 1 0 0 1 0 0 1 0 -1 0 0 -1 0 0 -1 0 0 -1 0 0 0 -1 0 0 -1 0 0 -1 0 0 -1 0 -1 0 0 -1 0 0 -1 0 0 -1 0 0 0 1 0 0 1 0 0 1 0 0 1 0 -1 0 0 -1 0 0 -1 0 0 -1 0 0 0 -1 0 0 -1 0 0 -1 0 0 -1 0 -1 0 0 -1 0 0 -1 0 0 -1 0 0 0 1 0 0 1 0 0 1 0 0 1 0 -1 0 0 -1 0 0 -1 0 0 -1 0 0 -0.265156 -0.964205 0 -0.265156 -0.964205 0 -0.265156 -0.964205 0 -0.265156 -0.964205 0 0.265156 -0.964205 0 0.265156 -0.964205 0 0.265156 -0.964205 0 0.265156 -0.964205 0 1 0 0 1 0 0 1 0 0 1 0 0 0 1 0 0 1 0 0 1 0 0 1 0 1 0 0 1 0 0 1 0 0 1 0 0 0 -1 0 0 -1 0 0 -1 0 0 -1 0 1 0 0 1 0 0 1 0 0 1 0 0 0 1 0 0 1 0 0 1 0 0 1 0 1 0 0 1 0 0 1 0 0 1 0 0 0 -1 0 0 -1 0 0 -1 0 0 -1 0 1 0 0 1 0 0 1 0 0 1 0 0 0 1 0 0 1 0 0 1 0 0 1 0 -0.999056 0.0434372 0 -0.999056 0.0434372 0 -0.999056 0.0434372 0 -0.999056 0.0434372 0 -0.265156 0.964205 0 -0.265156 0.964205 0 -0.265156 0.964205 0 -0.265156 0.964205 0 0.265156 0.964205 0 0.265156 0.964205 0 0.265156 0.964205 0 0.265156 0.964205 1 0 0 1 0 0 1 0 0 1 0 0 1 0 0 0 -0.265156 -0.964205 0 -0.265156 -0.964205 0 -0.265156 -0.964205 0 -0.265156 -0.964205 0 0 -1 0 0 -1 0 0 -1 0 0 -1 0 -1 0 0 -1 0 0 -1 0 0 -1 0 0 0 1 0 0 1 0 0 1 0 0 1 0 0 -1 0 0 -1 0 0 -1 0 0 -1 0 0 -1 0 0 -1 0 0 -1 0 0 -1 0 -1 0 0 -1 0 0 -1 0 0 -1 0 0 0 1 0 0 1 0 0 1 0 0 1 0 1 0 0 1 0 0 1 0 0 1 0 0 0 1 0 0 1 0 0 1 0 0 1 0 1 0 0 1 0 0 1 0 0 1 0 0 0 -1 0 0 -1 0 0 -1 0 0 -1 0 1 0 0 1 0 0 1 0 0 1 0 0 0 1 0 0 1 0 0 1 0 0 1 0 1 0 0 1 0 0 1 0 0 1 0 0 1 0 0 1 0 0 1 0 0 1 0 0 1 0 0 1 0 0 1 0 0 1 0 0 0 -1 0 0 -1 0 0 -1 0 0 -1 0 0 -1 0 0 -1 0 0 -1 0 0 -1 0 1 0 0 1 0 0 1 0 0 1 0 0 0 1 0 0 1 0 0 1 0 0 1 0 1 0 0 1 0 0 1 0 0 1 0 0 0.265156 -0.964205 0 0.265156 -0.964205 0 0.265156 -0.964205 0 0.265156 -0.964205 0 1 0 0 1 0 0 1 0 0 1 0 0 0 1 0 0 1 0 0 1 0 0 1 0 0 1 0 0 1 0 0 1 0 0 1 0 -1 0 0 -1 0 0 -1 0 0 -1 0 0 0 -1 0 0 -1 0 0 -1 0 0 -1 0 0 1 0 0 1 0 0 1 0 0 1 0 -1 0 0 -1 0 0 -1 0 0 -1 0 -1 0 0 -1 0 0 -1 0 0 -1 0 0 -1 0 0 -1 0 0 -1 0 0 -1 0 0 -1 0 0 -1 0 0 -1 0 0 -1 0 0 -1 0 0 -1 0 0 -1 0 0 -1 0 0 -1 0 0 -1 0 0 -1 0 0 -1 0 0 -1 0 0 -1 0 0 -1 0 0 -1 0 0 -1 0 0 0 0 -1 0 0 -1 0 0 -1 0 0 -1 0 1 0 0 1 0 0 1 0 0 1 0 0 1 0 0 1 0 0 1 0 0 1 0 0 1 0 0 1 0 0 -1 0 0 -1 0 0 -1 0 0 -1 0 0 0 -1 0 0 -1 0 0 -1 0 0 -1 0 0 -1 0 0 -1 0 0 -1 0 0 -1 0 0 -1 0 0 -1 0 0 -1 0 0 -1 0 0 -1 0 0 -1 0 0 -1 0 0 -1 0 0 -1 0 0 -1 0 0 -1 0 0 -1 0 0 -1 0 0 -1 0 0 -1 0 0 -1 0 0 -1 0 0 -1 0 0 -1 0 0 -1 0 0 -1 0 0 -1 0 0 -1 0 0 -1 0 0 -1 0 0 -1 0 0 -1 0 0 -1 0 0 -1 0 0 -1 0 0 -1 0 0 -1 0 0 -1 0 0 -1 0 0 -1 0 0 -1 0 0 -1 0 0 -1 0 0 -1 0 0 -1 0 0 -1 0 0 -1 0 0 -1 0 0 -1 0 0 -1 0 0 -1 0 0 -1 0 0 -1 0 0 -1 0 0 -1 0 0 -1 0 0 -1 0 0 -1 0 0 -1 0 0 -1 0 0 -1 0 0 -1 0 0 -1 0 0 -1 0 0 -1 0 0 -1 0 0 -1 0 0 -1 0 0 -1 0 0 -1 0 0 -1 0 0 -1 0 0 -1 0 0 -1 0 0 -1 0 0 -1 0 0 -1 0 0 -1 0 0 -1 0 0 -1 0 0 -1 0 0 -1 0 0 -1 0 0 -1 0 0 -1 0 0 -1 0 0 -1 0 0 -1 0 0 -1 0 0 -1 0 0 -1 0 0 -1 0 0 -1 0 0 -1 0 0 -1 0 0 -1 0 0 -1 0 0 -1 0 0 -1 0 0 -1 0 0 -1 0 0 -1 0 0 -1 0 0 -1 0 0 -1 0 0 -1 0 0 -1 0 0 -1 0 0 -1 0 0 -1 0 0 -1 0 0 -1 0 0 -1 0 0 -1 0 0 -1 0 0 -1 0 0 -1 0 0 -1 0 0 -1 0 0 -1 0 0 -1 0 0 -1 0 0 -1 0 0 -1 0 0 -1 0 0 -1 0 0 -1 0 0 -1 0 0 -1 0 0 -1 0 0 -1 0 0 -1 0 0 -1 0 0 -1 0 0 -1 0 0 -1 0 0 -1 0 0 -1 0 0 -1 0 0 -1 0 0 -1 0 0 -1 0 0 -1 0 0 -1 0 0 -1 0 0 -1 0 0 -1 0 0 -1 0 0 -1 0 0 -1 0 0 -1 0 0 -1 0 0 -1 0 0 -1 0 0 -1 0 0 -1 0 0 -1 0 0 -1 0 0 -1 0 0 -1 0 0 -1 0 0 -1 0 0 -1 0 0 -1 0 0 -1 0 0 -1 0 0 -1 0 0 -1 0 0 -1 0 0 -1 0 0 -1 0 0 -1 0 0 -1 0 0 -1 0 0 -1 0 0 -1 0 0 -1 0 0 -1 0 0 -1 0 0 -1 0 0 -1 0 0 -1 0 0 -1 0 0 -1 0 0 -1 0 0 -1 0 0 -1 0 0 -1 0 0 -1 0 0 -1 0 0 -1 0 0 -1 0 0 -1 0 0 -1 0 0 -1 0 0 -1 0 0 -1 0 0 -1 0 0 -1 0 0 -1 0 0 -1 0 0 -1 0 0 -1 0 0 -1 0 0 -1 0 0 -1 0 0 -1 0 0 -1 0 0 -1 0 0 -1 0 0 -1 0 0 -1 0 0 -1 0 0 -1 0 0 -1 0 0 -1 0 0 -1 0 0 -1 0 0 -1 0 0 -1 0 0 -1 0 0 -1 0 0 -1 0 0 -1 0 0 -1 0 0 -1 0 0 -1 0 0 -1 0 0 -1 0 0 -1 0 0 -1 0 0 -1 0 0 -1 0 0 -1 0 0 -1 0 0 -1 0 0 -1 0 0 -1 0 0 -1 0 0 -1 0 0 -1 0 0 -1 0 0 -1 0 0 -1 0 0 -1 0 0 -1 0 0 -1 0 0 -1 0 0 -1 0 0 -1 0 0 -1 0 0 -1 0 0 -1 0 0 -1 0 0 -1 0 0 -1 0 0 -1 0 0 -1 0 0 -1 0 0 -1 0 0 -1 0 0 -1 0 0 -1 0 0 -1 0 0 -1 0 0 -1 0 0 -1 0 0 -1 0 0 -1 0 0 -1 0 0 -1 0 0 -1 0 0 -1 0 0 -1 0 0 -1 0 0 -1 0 0 -1 0 0 -1 0 0 -1 0 0 -1 0 0 -1 0 0 -1 0 0 -1 0 0 -1 0 0 -1 0 0 -1 0 0 -1 0 0 -1 0 0 -1 0 0 -1 0 0 -1 0 0 -1 0 0 -1 0 0 -1 0 0 -1 0 0 -1 0 0 -1 0 0 -1 0 0 -1 0 0 -1 0 0 -1 0 0 -1 0 0 -1 0 0 -1 0 0 -1 0 0 -1 0 0 -1 0 0 -1 0 0 -1 0 0 -1 0 0 -1 0 0 -1 0 0 -1 0 0 -1 0 0 -1 0 0 -1 0 0 -1 0 0 -1 0 0 -1 0 0 -1 0 0 -1 0 0 -1 0 0 -1 0 0 -1 0 0 -1 0 0 -1 0 0 -1 0 0 -1 0 0 -1 0 0 -1 0 0 -1 0 0 -1 0 0 -1 0 0 -1 0 0 -1 0 0 -1 0 0 -1 0 0 -1 0 0 -1 0 0 -1 0 0 -1 0 0 -1 0 0 -1 0 0 -1 0 0 -1 0 0 -1 0 0 -1 0 0 -1 0 0 -1 0 0 -1 0 0 -1 0 0 -1 0 0 -1 0 0 -1 0 0 -1 0 0 -1 0 0 -1 0 0 -1 0 0 -1 0 0 -1 0 0 -1 0 0 -1 0 0 -1 0 0 -1 0 0 -1 0 0 -1 0 0 -1 0 0 -1 0 0 -1 0 0 -1 0 0 -1 0 0 -1 0 0 -1 0 0 -1 0 0 -1 0 0 -1 0 0 -1 0 0 -1 0 0 -1 0 0 -1 0 0 -1 0 0 -1 0 0 -1 0 0 -1 0 0 -1 0 0 -1 0 0 -1 0 0 -1 0 0 -1 0 0 -1 0 0 -1 0 0 -1 0 0 -1 0 0 -1 0 0 -1 0 0 -1 0 0 -1 0 0 -1 0 0 -1 0 0 -1 0 0 -1 0 0 -1 0 0 -1 0 0 -1 0 0 -1 0 0 -1 0 0 -1 0 0 -1 0 0 -1 0 0 -1 0 0 -1 0 0 -1 0 0 -1 0 0 -1 0 0 -1 0 0 -1 0 0 -1 0 0 -1 0 0 -1 0 0 -1 0 0 -1 0 0 -1 0 0 -1 0 0 -1 0 0 -1 0 0 -1 0 0 -1 0 0 -1 0 0 -1 0 0 -1 0 0 -1 0 0 -1 0 0 -1 0 0 -1 0 0 -1 0 0 -1 0 0 -1 0 0 -1 0 0 -1 0 0 -1 0 0 -1 0 0 -1 0 0 -1 0 0 -1 0 0 -1 0 0 -1 0 0 -1 0 0 -1 0 0 -1 0 0 -1 0 0 -1 0 0 -1 0 0 -1 0 0 -1 0 0 -1 0 0 -1 0 0 -1 0 0 -1 0 0 -1 0 0 -1 0 0 -1 0 0 -1 0 0 -1 0 0 -1 0 0 -1 0 0 -1 0 0 -1 0 0 -1 0 0 -1 0 0 -1 0 0 -1 0 0 -1 0 0 -1 0 0 -1 0 0 -1 0 0 -1 0 0 -1 0 0 -1 0 0 -1 0 0 -1 0 0 -1 0 0 -1 0 0 -1 0 0 -1 0 0 -1 0 0 -1 0 0 -1 0 0 -1 0 0 -1 0 0 -1 0 0 -1 0 0 -1 0 0 -1 0 0 -1 0 0 -1 0 0 -1 0 0 -1 0 0 -1 0 0 -1 0 0 -1 0 0 -1 0 0 -1 0 0 -1 0 0 -1 0 0 -1 0 0 -1 0 0 -1 0 0 -1 0 0 -1 0 0 -1 0 0 -1 0 0 -1 0 0 -1 0 0 -1 0 0 -1 0 0 -1 0 0 -1 0 0 -1 0 0 -1 0 0 -1 0 0 -1 0 0 -1 0 0 -1 0 0 -1 0 0 -1 0 0 -1 0 0 -1 0 0 -1 0 0 -1 0 0 -1 0 0 -1 0 0 -1 0 0 -1 0 0 -1 0 0 -1 0 0 -1 0 0 -1 0 0 -1 0 0 -1 0 0 -1 0 0 -1 0 0 -1 0 0 -1 0 0 -1 0 0 -1 0 0 -1 0 0 -1 0 0 -1 0 0 -1 0 0 -1 0 0 -1 -0.262965 -0.322902 0.909166 -0.181636 -0.559017 0.809017 -0.181636 -0.559017 0.809017 -0.25 -0.769421 0.587785 -0.25 -0.769421 0.587785 -0.25 -0.769421 0.587785 -0.293893 -0.904508 0.309017 -0.293893 -0.904508 0.309017 -0.293893 -0.904508 0.309017 -0.309017 -0.951057 0 -0.309017 -0.951057 0 0 -0.587785 0.809017 -0.181636 -0.559017 0.809017 -0.181636 -0.559017 0.809017 -0.262965 -0.322902 0.909166 0 -0.587785 0.809017 0 -0.587785 0.809017 0 -0.587785 0.809017 0.262965 -0.322902 0.909166 0.262965 -0.322902 0.909166 0.0954915 -0.293893 0.951057 0.293893 -0.904508 0.309017 0.293893 -0.904508 0.309017 0.309017 -0.951057 0 0.293893 -0.904508 0.309017 0.25 -0.769421 0.587785 0.25 -0.769421 0.587785 0 -0.587785 0.809017 0 -0.587785 0.809017 0.181636 -0.559017 0.809017 0.25 -0.769421 0.587785 0.181636 -0.559017 0.809017 0.181636 -0.559017 0.809017 0.181636 -0.559017 0.809017 0.0954915 -0.293893 0.951057 0.262965 -0.322902 -0.909166 0.181636 -0.559017 -0.809017 0.181636 -0.559017 -0.809017 0.25 -0.769421 -0.587785 0.25 -0.769421 -0.587785 0.25 -0.769421 -0.587785 0.293893 -0.904508 -0.309017 0.293893 -0.904508 -0.309017 0.293893 -0.904508 -0.309017 0.309017 -0.951057 0 0.309017 -0.951057 0 0 -0.587785 -0.809017 0.181636 -0.559017 -0.809017 0.181636 -0.559017 -0.809017 0.262965 -0.322902 -0.909166 0 -0.587785 -0.809017 0 -0.587785 -0.809017 0 -0.587785 -0.809017 -0.262965 -0.322902 -0.909166 -0.262965 -0.322902 -0.909166 -0.0954915 -0.293893 -0.951057 -0.293893 -0.904508 -0.309017 -0.293893 -0.904508 -0.309017 -0.309017 -0.951057 0 -0.293893 -0.904508 -0.309017 -0.25 -0.769421 -0.587785 -0.25 -0.769421 -0.587785 0 -0.587785 -0.809017 0 -0.587785 -0.809017 -0.181636 -0.559017 -0.809017 -0.25 -0.769421 -0.587785 -0.181636 -0.559017 -0.809017 -0.181636 -0.559017 -0.809017 -0.181636 -0.559017 -0.809017 -0.0954915 -0.293893 -0.951057 0.309017 -0.951057 0 0.309017 -0.951057 0 0.309017 -0.951057 0 -0.309017 -0.951057 0 -0.309017 -0.951057 0 -0.309017 -0.951057 0 0.144462 0.587785 -0.796015 0.144462 0.587785 -0.796015 -0.132793 0.554637 -0.821428 0.309017 0.951057 0 0.290552 0.951057 0.105218 0.290552 0.951057 0.105218 0.185946 0 0.98256 0.185946 0 0.98256 0.169825 0.309017 0.935771 -0.132793 0.554637 0.821428 0.144462 0.587785 0.796015 0.144462 0.587785 0.796015 0.290552 0.951057 0.105218 0.237216 0.951057 0.19804 0.237216 0.951057 0.19804 0.295798 0.809017 0.507932 0.295798 0.809017 0.507932 0.169825 0.309017 0.935771 0.144462 0.587785 0.796015 0.309017 0.951057 0 0.309017 0.951057 0 0.309017 0.951057 0 0.290552 0.951057 -0.105218 0.290552 0.951057 -0.105218 0.290552 0.951057 -0.105218 0.237216 0.951057 -0.19804 0.237216 0.951057 -0.19804 0.15551 0.951057 -0.267036 0.295798 0.809017 -0.507932 0.295798 0.809017 -0.507932 0.295798 0.809017 -0.507932 0.15551 0.951057 -0.267036 0.185946 0 -0.98256 0.185946 0 -0.98256 0.169825 0.309017 -0.935771 0.104958 0.809017 -0.578338 0.295798 0.809017 -0.507932 0.104958 0.809017 -0.578338 0.144462 0.587785 -0.796015 0.144462 0.587785 -0.796015 0.144462 0.587785 -0.796015 0.169825 0.309017 -0.935771 0.169825 0.309017 0.935771 0.144462 0.587785 0.796015 0.144462 0.587785 0.796015 0.295798 0.809017 0.507932 -0.0642109 0.587785 0.806465 -0.0642109 0.587785 0.806465 -0.0660424 0.554637 0.829467 -0.046652 0.809017 0.585931 -0.234761 0.809017 0.538868 -0.046652 0.809017 0.585931 -0.0642109 0.587785 0.806465 -0.0642109 0.587785 0.806465 -0.0642109 0.587785 0.806465 -0.0754845 0.309017 0.948056 -0.0754845 0.309017 0.948056 -0.0754845 0.309017 0.948056 -0.0793691 0 0.996845 -0.271614 0.951057 -0.147368 -0.397322 0.809017 -0.433159 -0.271614 0.951057 -0.147368 -0.304784 0.951057 -0.0509716 -0.304784 0.951057 -0.0509716 -0.304784 0.951057 -0.0509716 -0.304784 0.951057 0.0509716 -0.304784 0.951057 0.0509716 -0.304784 0.951057 0.0509716 -0.271614 0.951057 0.147368 -0.271614 0.951057 0.147368 -0.271614 0.951057 0.147368 -0.208884 0.951057 0.227725 -0.208884 0.951057 0.227725 -0.397322 0.809017 0.433159 -0.0642109 0.587785 -0.806465 -0.234761 0.809017 -0.538868 -0.0642109 0.587785 -0.806465 -0.234761 0.809017 -0.538868 -0.397322 0.809017 -0.433159 -0.397322 0.809017 -0.433159 -0.397322 0.809017 -0.433159 -0.397322 0.809017 -0.433159 -0.397322 0.809017 0.433159 -0.397322 0.809017 0.433159 -0.234761 0.809017 0.538868 -0.234761 0.809017 0.538868 -0.0642109 0.587785 -0.806465 -0.0754845 0.309017 -0.948056 -0.0754845 0.309017 -0.948056 -0.0754845 0.309017 -0.948056 -0.0793691 0 -0.996845 -0.0793691 0 -0.996845 -0.0660424 0.554637 -0.829467 -0.0642109 0.587785 -0.806465 -0.0642109 0.587785 -0.806465 0.185946 0 -0.98256 0.185946 0 -0.98256 0.173648 0 -0.984808 -0.158237 0 -0.987401 -0.173648 0 -0.984808 -0.173648 0 -0.984808 -0.173648 0 0.984808 -0.173648 0 0.984808 -0.158237 0 0.987401 0.185946 0 0.98256 0.173648 0 0.984808 0.185946 0 0.98256 -0.0793691 0 0.996845 -0.0793691 0 0.996845 -0.0793691 0 0.996845 -0.0793691 0 -0.996845 -0.0793691 0 -0.996845 -0.0793691 0 -0.996845 </float_array>
					<technique_common>
						<accessor count="3981" source="#geo_1-Normals-array" stride="3">
							<param name="X" type="float"/>
							<param name="Y" type="float"/>
							<param name="Z" type="float"/>
						</accessor>
					</technique_common>
				</source>
				<vertices id="geo_1-Vertex">
					<input semantic="POSITION" source="#geo_1-Position"/>
				</vertices>
				<triangles count="2618" material="A&#xE7;o_-_Acetinado">
					<input offset="0" semantic="VERTEX" source="#geo_1-Vertex"/>
					<input offset="1" semantic="NORMAL"  source="#geo_1-Normals"/>
					<p>0 0 1 1 2 2 2 2 1 1 3 3 2 2 3 3 4 4 4 4 3 3 5 5 5 5 3 3 6 6 5 5 6 6 7 7 7 7 6 6 8 8 3792 3792 3793 3793 9 9 9 9 3794 3794 3795 3795 9 9 3796 3796 11 11 11 11 3797 3797 3798 3798 11 11 3799 3799 13 13 13 13 3800 3800 3801 3801 13 13 3802 3802 15 15 1 1 16 16 3 3 3 3 16 16 8 8 3 3 8 8 6 6 3803 3803 17 17 3804 3804 3805 3805 17 17 10 10 17 17 18 18 10 10 10 10 18 18 12 12 18 18 19 19 12 12 12 12 19 19 14 14 13 13 15 15 20 20 20 20 15 15 21 21 20 20 21 21 22 22 22 22 21 21 23 23 22 22 23 23 24 24 24 24 25 25 22 22 22 22 25 25 26 26 22 22 26 26 20 20 20 20 26 26 13 13 3806 3806 9 9 25 25 25 25 9 9 11 11 25 25 11 11 26 26 26 26 11 11 13 13 27 27 28 28 29 29 29 29 28 28 30 30 29 29 30 30 31 31 31 31 30 30 32 32 3807 3807 3808 3808 33 33 33 33 3809 3809 34 34 33 33 34 34 35 35 35 35 34 34 36 36 35 35 36 36 37 37 37 37 36 36 38 38 39 39 40 40 41 41 41 41 40 40 42 42 41 41 42 42 43 43 43 43 42 42 44 44 44 44 42 42 45 45 44 44 45 45 46 46 47 47 48 48 3810 3810 3811 3811 48 48 3812 3812 39 39 42 42 40 40 49 49 50 50 47 47 47 47 50 50 51 51 47 47 51 51 52 52 52 52 51 51 53 53 52 52 53 53 54 54 54 54 53 53 55 55 54 54 55 55 56 56 49 49 57 57 50 50 50 50 57 57 53 53 50 50 53 53 51 51 57 57 55 55 53 53 54 54 56 56 3813 3813 3814 3814 56 56 3815 3815 58 58 59 59 60 60 60 60 59 59 61 61 60 60 62 62 58 58 58 58 62 62 63 63 3816 3816 3817 3817 54 54 54 54 3818 3818 52 52 62 62 3819 3819 63 63 63 63 3820 3820 3821 3821 3822 3822 3823 3823 52 52 52 52 3824 3824 48 48 52 52 48 48 47 47 64 64 45 45 65 65 65 65 45 45 42 42 3825 3825 3826 3826 48 48 66 66 67 67 68 68 68 68 67 67 69 69 68 68 69 69 70 70 70 70 71 71 68 68 68 68 71 71 72 72 72 72 71 71 73 73 72 72 73 73 74 74 74 74 75 75 72 72 76 76 77 77 78 78 78 78 77 77 79 79 78 78 79 79 80 80 80 80 79 79 81 81 81 81 79 79 82 82 81 81 82 82 83 83 83 83 82 82 84 84 3827 3827 3828 3828 85 85 85 85 3829 3829 3830 3830 85 85 3831 3831 87 87 87 87 3832 3832 3833 3833 87 87 3834 3834 89 89 89 89 3835 3835 3836 3836 89 89 3837 3837 91 91 77 77 92 92 79 79 79 79 92 92 84 84 79 79 84 84 82 82 3838 3838 93 93 3839 3839 3840 3840 93 93 86 86 93 93 94 94 86 86 86 86 94 94 88 88 94 94 95 95 88 88 88 88 95 95 90 90 89 89 91 91 96 96 96 96 91 91 97 97 96 96 97 97 98 98 98 98 97 97 99 99 98 98 99 99 100 100 100 100 101 101 98 98 98 98 101 101 102 102 98 98 102 102 96 96 96 96 102 102 89 89 3841 3841 85 85 101 101 101 101 85 85 87 87 101 101 87 87 102 102 102 102 87 87 89 89 103 103 104 104 105 105 105 105 104 104 106 106 105 105 106 106 107 107 107 107 106 106 108 108 3842 3842 3843 3843 109 109 109 109 3844 3844 110 110 109 109 110 110 111 111 111 111 110 110 112 112 111 111 112 112 113 113 113 113 112 112 114 114 115 115 116 116 117 117 117 117 116 116 118 118 117 117 118 118 119 119 119 119 118 118 120 120 120 120 118 118 121 121 120 120 121 121 122 122 123 123 124 124 3845 3845 3846 3846 124 124 3847 3847 115 115 118 118 116 116 125 125 126 126 123 123 123 123 126 126 127 127 123 123 127 127 128 128 128 128 127 127 129 129 128 128 129 129 130 130 130 130 129 129 131 131 130 130 131 131 132 132 125 125 133 133 126 126 126 126 133 133 129 129 126 126 129 129 127 127 133 133 131 131 129 129 130 130 132 132 3848 3848 3849 3849 132 132 3850 3850 134 134 135 135 136 136 136 136 135 135 137 137 136 136 138 138 134 134 134 134 138 138 139 139 3851 3851 3852 3852 130 130 130 130 3853 3853 128 128 138 138 3854 3854 139 139 139 139 3855 3855 3856 3856 3857 3857 3858 3858 128 128 128 128 3859 3859 124 124 128 128 124 124 123 123 140 140 121 121 141 141 141 141 121 121 118 118 3860 3860 3861 3861 124 124 142 142 143 143 144 144 144 144 143 143 145 145 144 144 145 145 146 146 146 146 147 147 144 144 144 144 147 147 148 148 148 148 147 147 149 149 148 148 149 149 150 150 150 150 151 151 148 148 152 152 153 153 154 154 154 154 153 153 155 155 3862 3862 3863 3863 156 156 156 156 3864 3864 157 157 156 156 157 157 158 158 158 158 157 157 159 159 158 158 159 159 160 160 160 160 159 159 161 161 160 160 161 161 162 162 162 162 161 161 163 163 164 164 165 165 166 166 166 166 165 165 167 167 168 168 169 169 170 170 170 170 169 169 171 171 170 170 171 171 172 172 172 172 171 171 173 173 172 172 173 173 174 174 174 174 173 173 175 175 174 174 175 175 3865 3865 3866 3866 175 175 3867 3867 176 176 177 177 178 178 178 178 177 177 179 179 180 180 181 181 182 182 182 182 181 181 183 183 182 182 183 183 184 184 184 184 183 183 185 185 185 185 183 183 186 186 186 186 183 183 187 187 186 186 187 187 188 188 188 188 187 187 189 189 189 189 187 187 190 190 190 190 187 187 191 191 191 191 187 187 192 192 191 191 192 192 193 193 194 194 195 195 196 196 196 196 195 195 197 197 197 197 195 195 198 198 197 197 198 198 199 199 199 199 198 198 200 200 200 200 198 198 201 201 200 200 201 201 202 202 202 202 201 201 3868 3868 202 202 3869 3869 3870 3870 204 204 203 203 205 205 205 205 203 203 206 206 205 205 206 206 207 207 207 207 206 206 208 208 207 207 208 208 209 209 198 198 195 195 210 210 210 210 195 195 211 211 210 210 211 211 212 212 212 212 211 211 213 213 212 212 213 213 214 214 212 212 214 214 215 215 215 215 214 214 216 216 215 215 216 216 217 217 217 217 216 216 218 218 3871 3871 3872 3872 219 219 219 219 3873 3873 220 220 219 219 220 220 221 221 219 219 221 221 222 222 222 222 221 221 223 223 223 223 221 221 224 224 223 223 224 224 225 225 225 225 224 224 3874 3874 3875 3875 224 224 3876 3876 226 226 227 227 228 228 228 228 227 227 229 229 229 229 227 227 230 230 229 229 230 230 231 231 3877 3877 3878 3878 232 232 232 232 3879 3879 233 233 232 232 233 233 234 234 234 234 233 233 235 235 234 234 235 235 236 236 236 236 235 235 237 237 237 237 235 235 238 238 237 237 238 238 239 239 239 239 238 238 240 240 216 216 241 241 218 218 218 218 241 241 242 242 3880 3880 3881 3881 220 220 220 220 3882 3882 3883 3883 220 220 3884 3884 244 244 220 220 244 244 221 221 221 221 244 244 224 224 224 224 244 244 3885 3885 241 241 245 245 242 242 242 242 245 245 246 246 242 242 246 246 243 243 243 243 246 246 233 233 243 243 233 233 3886 3886 245 245 247 247 246 246 246 246 247 247 235 235 246 246 235 235 233 233 247 247 238 238 235 235 228 228 248 248 226 226 225 225 249 249 223 223 223 223 249 249 250 250 223 223 250 250 222 222 222 222 250 250 251 251 222 222 251 251 252 252 222 222 252 252 219 219 219 219 252 252 3887 3887 3888 3888 252 252 253 253 3889 3889 253 253 3890 3890 3891 3891 253 253 254 254 3892 3892 254 254 3893 3893 3894 3894 254 254 3895 3895 249 249 255 255 250 250 250 250 255 255 256 256 250 250 256 256 251 251 251 251 256 256 257 257 251 251 257 257 258 258 258 258 257 257 259 259 258 258 259 259 260 260 260 260 259 259 261 261 260 260 261 261 3896 3896 260 260 3897 3897 254 254 254 254 3898 3898 3899 3899 210 210 262 262 198 198 255 255 263 263 256 256 256 256 263 263 264 264 256 256 264 264 257 257 257 257 264 264 265 265 257 257 265 265 259 259 259 259 265 265 266 266 259 259 266 266 267 267 267 267 266 266 3900 3900 267 267 3901 3901 3902 3902 198 198 262 262 201 201 3903 3903 3904 3904 261 261 3905 3905 261 261 3906 3906 3907 3907 261 261 267 267 3908 3908 267 267 3909 3909 259 259 267 267 261 261 260 260 254 254 253 253 260 260 253 253 258 258 258 258 253 253 252 252 258 258 252 252 251 251 3910 3910 244 244 3911 3911 3912 3912 244 244 3913 3913 268 268 269 269 270 270 270 270 269 269 271 271 271 271 269 269 272 272 271 271 272 272 273 273 273 273 272 272 274 274 273 273 274 274 275 275 275 275 274 274 276 276 276 276 274 274 3914 3914 276 276 3915 3915 3916 3916 278 278 277 277 279 279 279 279 277 277 280 280 279 279 280 280 281 281 281 281 280 280 282 282 281 281 282 282 283 283 284 284 285 285 286 286 286 286 285 285 287 287 286 286 287 287 288 288 288 288 287 287 289 289 288 288 289 289 290 290 290 290 289 289 291 291 290 290 291 291 292 292 292 292 291 291 293 293 292 292 293 293 294 294 294 294 293 293 295 295 294 294 295 295 296 296 296 296 295 295 297 297 296 296 297 297 298 298 298 298 297 297 299 299 298 298 299 299 300 300 300 300 299 299 301 301 300 300 301 301 302 302 302 302 301 301 303 303 303 303 301 301 304 304 303 303 304 304 305 305 3917 3917 3918 3918 306 306 3919 3919 306 306 3920 3920 3921 3921 306 306 308 308 3922 3922 308 308 3923 3923 3924 3924 308 308 310 310 3925 3925 310 310 3926 3926 285 285 312 312 287 287 287 287 312 312 313 313 287 287 313 313 289 289 289 289 313 313 314 314 289 289 314 314 291 291 3927 3927 3928 3928 315 315 3929 3929 315 315 3930 3930 3931 3931 315 315 316 316 3932 3932 316 316 3933 3933 3934 3934 316 316 317 317 3935 3935 317 317 3936 3936 3937 3937 317 317 318 318 3938 3938 318 318 3939 3939 3940 3940 318 318 3941 3941 299 299 319 319 301 301 301 301 319 319 304 304 312 312 3942 3942 313 313 3943 3943 3944 3944 321 321 3945 3945 321 321 3946 3946 3947 3947 321 321 322 322 3948 3948 322 322 323 323 3949 3949 323 323 315 315 315 315 323 323 324 324 315 315 324 324 316 316 316 316 324 324 325 325 316 316 325 325 317 317 317 317 325 325 326 326 317 317 326 326 318 318 318 318 326 326 327 327 318 318 327 327 3950 3950 3951 3951 327 327 3952 3952 3953 3953 327 327 306 306 3954 3954 3955 3955 321 321 321 321 3956 3956 329 329 321 321 329 329 322 322 322 322 329 329 330 330 322 322 330 330 323 323 323 323 330 330 331 331 323 323 331 331 324 324 324 324 331 331 332 332 324 324 332 332 325 325 325 325 332 332 333 333 325 325 333 333 326 326 326 326 333 333 334 334 326 326 334 334 327 327 327 327 334 334 335 335 327 327 335 335 306 306 306 306 335 335 308 308 3957 3957 3958 3958 329 329 329 329 3959 3959 337 337 329 329 337 337 330 330 330 330 337 337 338 338 330 330 338 338 331 331 331 331 338 338 339 339 331 331 339 339 332 332 332 332 339 339 340 340 332 332 340 340 333 333 333 333 340 340 341 341 333 333 341 341 334 334 334 334 341 341 342 342 334 334 342 342 335 335 335 335 342 342 343 343 335 335 343 343 308 308 308 308 343 343 310 310 344 344 345 345 346 346 346 346 345 345 347 347 346 346 347 347 348 348 348 348 347 347 349 349 348 348 349 349 350 350 3960 3960 3961 3961 351 351 351 351 3962 3962 352 352 351 351 352 352 353 353 353 353 352 352 354 354 354 354 352 352 355 355 354 354 355 355 356 356 356 356 355 355 357 357 356 356 357 357 358 358 358 358 357 357 359 359 360 360 361 361 362 362 362 362 361 361 363 363 364 364 365 365 366 366 366 366 365 365 367 367 368 368 369 369 370 370 365 365 364 364 371 371 371 371 364 364 372 372 371 371 372 372 373 373 373 373 372 372 374 374 373 373 374 374 3963 3963 3964 3964 374 374 3965 3965 375 375 376 376 377 377 377 377 376 376 378 378 378 378 376 376 379 379 3966 3966 3967 3967 380 380 380 380 3968 3968 381 381 380 380 381 381 382 382 382 382 381 381 383 383 382 382 383 383 384 384 384 384 383 383 385 385 384 384 385 385 386 386 386 386 385 385 387 387 386 386 387 387 388 388 388 388 387 387 389 389 388 388 389 389 390 390 390 390 389 389 391 391 390 390 391 391 392 392 392 392 391 391 393 393 392 392 393 393 394 394 394 394 393 393 3969 3969 394 394 3970 3970 3971 3971 396 396 395 395 397 397 396 396 397 397 398 398 3972 3972 3973 3973 399 399 3974 3974 399 399 400 400 400 400 399 399 401 401 400 400 401 401 402 402 402 402 401 401 403 403 402 402 403 403 370 370 370 370 403 403 368 368 398 398 404 404 396 396 405 405 406 406 407 407 407 407 406 406 408 408 407 407 408 408 409 409 409 409 408 408 410 410 409 409 410 410 411 411 412 412 413 413 411 411 411 411 413 413 414 414 411 411 414 414 415 415 412 412 416 416 413 413 413 413 416 416 417 417 417 417 416 416 418 418 417 417 418 418 419 419 420 420 421 421 413 413 413 413 421 421 422 422 413 413 422 422 414 414 411 411 415 415 409 409 409 409 415 415 423 423 409 409 423 423 424 424 424 424 425 425 409 409 3975 3975 3976 3976 428 428 428 428 3977 3977 429 429 428 428 429 429 430 430 430 430 429 429 431 431 430 430 431 431 432 432 432 432 431 431 433 433 432 432 433 433 434 434 434 434 433 433 435 435 434 434 435 435 436 436 436 436 435 435 437 437 436 436 437 437 438 438 438 438 437 437 439 439 438 438 439 439 440 440 440 440 439 439 441 441 440 440 441 441 442 442 442 442 441 441 443 443 442 442 443 443 3978 3978 3979 3979 443 443 3980 3980 446 446 447 447 448 448 448 448 447 447 449 449 450 450 451 451 452 452 452 452 451 451 453 453 452 452 453 453 454 454 454 454 455 455 452 452 452 452 455 455 456 456 452 452 456 456 457 457 456 456 455 455 458 458 458 458 455 455 459 459 458 458 459 459 460 460 460 460 459 459 461 461 460 460 461 461 462 462 462 462 463 463 460 460 460 460 463 463 464 464 465 465 466 466 460 460 460 460 466 466 467 467 460 460 467 467 458 458 457 457 468 468 452 452 452 452 468 468 469 469 470 470 471 471 472 472 472 472 471 471 473 473 474 474 475 475 476 476 476 476 475 475 477 477 478 478 479 479 480 480 480 480 479 479 481 481 480 480 481 481 482 482 482 482 481 481 483 483 483 483 481 481 484 484 484 484 481 481 485 485 485 485 481 481 486 486 485 485 486 486 487 487 487 487 486 486 488 488 488 488 486 486 489 489 489 489 486 486 490 490 489 489 490 490 491 491 492 492 493 493 494 494 494 494 493 493 495 495 496 496 497 497 498 498 498 498 497 497 499 499 500 500 501 501 502 502 502 502 501 501 503 503 502 502 503 503 504 504 504 504 503 503 505 505 504 504 505 505 506 506 506 506 507 507 504 504 508 508 509 509 510 510 510 510 509 509 511 511 512 512 513 513 514 514 514 514 513 513 515 515 516 516 517 517 518 518 518 518 517 517 519 519 520 520 521 521 522 522 522 522 521 521 523 523 524 524 525 525 526 526 526 526 525 525 527 527 528 528 529 529 530 530 530 530 529 529 531 531 532 532 533 533 534 534 534 534 533 533 535 535 536 536 537 537 538 538 538 538 537 537 539 539 540 540 541 541 542 542 542 542 541 541 543 543 544 544 545 545 546 546 546 546 545 545 547 547 548 548 549 549 550 550 551 551 552 552 553 553 554 554 555 555 556 556 556 556 555 555 557 557 558 558 559 559 560 560 560 560 559 559 561 561 562 562 563 563 564 564 564 564 563 563 565 565 566 566 567 567 568 568 568 568 567 567 569 569 570 570 571 571 572 572 572 572 571 571 573 573 574 574 575 575 576 576 576 576 575 575 577 577 578 578 579 579 580 580 580 580 579 579 581 581 582 582 583 583 584 584 584 584 583 583 585 585 586 586 587 587 588 588 588 588 587 587 589 589 590 590 591 591 592 592 592 592 591 591 593 593 594 594 595 595 596 596 596 596 595 595 597 597 598 598 599 599 600 600 600 600 599 599 601 601 602 602 603 603 604 604 604 604 603 603 605 605 606 606 607 607 608 608 608 608 607 607 609 609 610 610 611 611 612 612 612 612 611 611 613 613 614 614 615 615 616 616 616 616 615 615 617 617 618 618 619 619 620 620 620 620 619 619 621 621 622 622 623 623 624 624 624 624 623 623 625 625 626 626 627 627 628 628 628 628 627 627 629 629 630 630 631 631 632 632 632 632 631 631 633 633 634 634 635 635 636 636 636 636 635 635 637 637 638 638 639 639 640 640 640 640 639 639 641 641 642 642 643 643 644 644 644 644 643 643 645 645 646 646 647 647 648 648 648 648 647 647 649 649 650 650 651 651 652 652 652 652 651 651 653 653 654 654 655 655 656 656 656 656 655 655 657 657 658 658 659 659 660 660 660 660 659 659 661 661 662 662 663 663 664 664 664 664 663 663 665 665 666 666 667 667 668 668 668 668 667 667 669 669 670 670 671 671 672 672 672 672 671 671 673 673 674 674 675 675 676 676 676 676 675 675 677 677 678 678 679 679 680 680 680 680 679 679 681 681 682 682 683 683 684 684 684 684 683 683 685 685 686 686 687 687 688 688 688 688 687 687 689 689 690 690 691 691 692 692 692 692 691 691 693 693 694 694 695 695 696 696 696 696 695 695 697 697 698 698 699 699 700 700 700 700 699 699 701 701 702 702 703 703 704 704 704 704 703 703 705 705 706 706 707 707 708 708 708 708 707 707 709 709 710 710 711 711 712 712 712 712 711 711 713 713 714 714 715 715 716 716 716 716 715 715 717 717 718 718 719 719 720 720 720 720 719 719 721 721 722 722 723 723 724 724 724 724 723 723 725 725 726 726 727 727 728 728 728 728 727 727 729 729 730 730 731 731 732 732 732 732 731 731 733 733 734 734 735 735 736 736 736 736 735 735 737 737 738 738 739 739 740 740 740 740 739 739 741 741 742 742 743 743 744 744 744 744 743 743 745 745 746 746 747 747 748 748 748 748 747 747 749 749 750 750 751 751 752 752 752 752 751 751 753 753 754 754 755 755 756 756 756 756 755 755 757 757 758 758 759 759 760 760 760 760 759 759 761 761 762 762 763 763 764 764 764 764 763 763 765 765 766 766 767 767 768 768 768 768 767 767 769 769 770 770 771 771 772 772 772 772 771 771 773 773 774 774 775 775 776 776 776 776 775 775 777 777 778 778 779 779 780 780 780 780 779 779 781 781 782 782 783 783 784 784 784 784 783 783 785 785 786 786 787 787 788 788 788 788 787 787 789 789 788 788 789 789 790 790 788 788 791 791 786 786 786 786 791 791 792 792 792 792 791 791 793 793 794 794 795 795 796 796 796 796 795 795 797 797 798 798 799 799 800 800 800 800 799 799 801 801 802 802 803 803 804 804 804 804 803 803 805 805 806 806 807 807 808 808 808 808 807 807 809 809 810 810 811 811 812 812 812 812 811 811 813 813 814 814 815 815 816 816 816 816 815 815 817 817 818 818 819 819 820 820 820 820 819 819 821 821 822 822 823 823 824 824 824 824 823 823 825 825 826 826 827 827 828 828 828 828 827 827 829 829 830 830 831 831 832 832 832 832 831 831 833 833 834 834 835 835 836 836 836 836 835 835 837 837 838 838 839 839 840 840 840 840 839 839 841 841 842 842 843 843 844 844 844 844 843 843 845 845 846 846 847 847 848 848 848 848 847 847 849 849 850 850 851 851 852 852 852 852 851 851 853 853 854 854 855 855 856 856 856 856 855 855 857 857 858 858 859 859 860 860 860 860 859 859 861 861 862 862 863 863 864 864 864 864 863 863 865 865 866 866 867 867 868 868 868 868 867 867 869 869 870 870 871 871 872 872 872 872 871 871 873 873 874 874 875 875 876 876 876 876 875 875 877 877 878 878 879 879 880 880 880 880 879 879 881 881 882 882 883 883 884 884 884 884 883 883 885 885 886 886 887 887 888 888 888 888 887 887 889 889 890 890 891 891 892 892 892 892 891 891 893 893 894 894 895 895 896 896 896 896 895 895 897 897 898 898 899 899 900 900 900 900 899 899 901 901 902 902 903 903 904 904 904 904 903 903 905 905 906 906 907 907 908 908 908 908 907 907 909 909 910 910 911 911 912 912 912 912 911 911 913 913 914 914 915 915 916 916 916 916 915 915 917 917 918 918 919 919 920 920 920 920 919 919 921 921 922 922 923 923 924 924 924 924 923 923 925 925 926 926 927 927 928 928 928 928 927 927 929 929 930 930 931 931 932 932 932 932 931 931 933 933 934 934 935 935 936 936 936 936 935 935 937 937 938 938 939 939 940 940 940 940 939 939 941 941 942 942 943 943 944 944 944 944 943 943 945 945 946 946 947 947 948 948 948 948 947 947 949 949 950 950 951 951 952 952 952 952 951 951 953 953 954 954 955 955 956 956 956 956 955 955 957 957 958 958 959 959 960 960 960 960 959 959 961 961 962 962 963 963 964 964 964 964 963 963 965 965 966 966 967 967 968 968 968 968 967 967 969 969 970 970 971 971 972 972 972 972 971 971 973 973 974 974 975 975 976 976 976 976 975 975 977 977 978 978 979 979 980 980 980 980 979 979 981 981 982 982 983 983 984 984 984 984 983 983 985 985 986 986 987 987 988 988 988 988 987 987 989 989 990 990 991 991 992 992 992 992 991 991 993 993 994 994 995 995 996 996 996 996 995 995 997 997 998 998 999 999 1000 1000 1000 1000 999 999 1001 1001 1002 1002 1003 1003 1004 1004 1004 1004 1003 1003 1005 1005 1006 1006 1007 1007 1008 1008 1008 1008 1007 1007 1009 1009 1010 1010 1011 1011 1012 1012 1012 1012 1011 1011 1013 1013 1014 1014 1015 1015 1016 1016 1016 1016 1015 1015 1017 1017 1018 1018 1019 1019 1020 1020 1020 1020 1019 1019 1021 1021 1022 1022 1023 1023 1024 1024 1024 1024 1023 1023 1025 1025 1026 1026 1027 1027 1028 1028 1028 1028 1027 1027 1029 1029 1030 1030 1031 1031 1032 1032 1032 1032 1031 1031 1033 1033 1034 1034 1035 1035 1036 1036 1036 1036 1035 1035 1037 1037 1038 1038 1039 1039 1040 1040 1040 1040 1039 1039 1041 1041 1042 1042 1043 1043 1044 1044 1044 1044 1043 1043 1045 1045 1046 1046 1047 1047 1048 1048 1048 1048 1047 1047 1049 1049 1050 1050 1051 1051 1052 1052 1052 1052 1051 1051 1053 1053 1054 1054 1055 1055 1056 1056 1056 1056 1055 1055 1057 1057 1058 1058 1059 1059 1060 1060 1060 1060 1059 1059 1061 1061 1062 1062 1063 1063 1064 1064 1064 1064 1063 1063 1065 1065 1066 1066 1067 1067 1068 1068 1068 1068 1067 1067 1069 1069 1070 1070 1071 1071 1072 1072 1072 1072 1071 1071 1073 1073 1074 1074 1075 1075 1076 1076 1076 1076 1075 1075 1077 1077 1078 1078 1079 1079 1080 1080 1080 1080 1079 1079 1081 1081 1082 1082 1083 1083 1084 1084 1084 1084 1083 1083 1085 1085 1086 1086 1087 1087 1088 1088 1088 1088 1087 1087 1089 1089 1090 1090 1091 1091 1092 1092 1092 1092 1091 1091 1093 1093 1094 1094 1095 1095 1096 1096 1096 1096 1095 1095 1097 1097 1098 1098 1099 1099 1100 1100 1100 1100 1099 1099 1101 1101 1102 1102 1103 1103 1104 1104 1104 1104 1103 1103 1105 1105 1106 1106 1107 1107 1108 1108 1108 1108 1107 1107 1109 1109 1110 1110 1111 1111 1112 1112 1112 1112 1111 1111 1113 1113 1114 1114 1115 1115 1116 1116 1116 1116 1115 1115 1117 1117 1118 1118 1119 1119 1120 1120 1120 1120 1119 1119 1121 1121 1122 1122 1123 1123 1124 1124 1124 1124 1123 1123 1125 1125 1126 1126 1127 1127 1128 1128 1128 1128 1127 1127 1129 1129 1130 1130 1131 1131 1132 1132 1132 1132 1131 1131 1133 1133 1134 1134 1135 1135 1136 1136 1136 1136 1135 1135 1137 1137 1138 1138 1139 1139 1140 1140 1140 1140 1139 1139 1141 1141 1142 1142 1143 1143 1144 1144 1144 1144 1143 1143 1145 1145 1146 1146 1147 1147 1148 1148 1148 1148 1147 1147 1149 1149 1150 1150 1151 1151 1152 1152 1152 1152 1151 1151 1153 1153 1154 1154 1155 1155 1156 1156 1156 1156 1155 1155 1157 1157 1158 1158 1159 1159 1160 1160 1160 1160 1159 1159 1161 1161 1162 1162 1163 1163 1164 1164 1164 1164 1163 1163 1165 1165 1166 1166 1167 1167 1168 1168 1168 1168 1167 1167 1169 1169 1170 1170 1171 1171 1172 1172 1172 1172 1171 1171 1173 1173 1174 1174 1175 1175 1176 1176 1176 1176 1175 1175 1177 1177 1178 1178 1179 1179 1180 1180 1180 1180 1179 1179 1181 1181 1182 1182 1183 1183 1184 1184 1184 1184 1183 1183 1185 1185 1186 1186 1187 1187 1188 1188 1188 1188 1187 1187 1189 1189 1190 1190 1191 1191 1192 1192 1192 1192 1191 1191 1193 1193 1194 1194 1195 1195 1196 1196 1196 1196 1195 1195 1197 1197 1198 1198 1199 1199 1200 1200 1200 1200 1199 1199 1201 1201 1202 1202 1203 1203 1204 1204 1204 1204 1203 1203 1205 1205 1206 1206 1207 1207 1208 1208 1208 1208 1207 1207 1209 1209 1210 1210 1211 1211 1212 1212 1212 1212 1211 1211 1213 1213 1214 1214 1215 1215 1216 1216 1216 1216 1215 1215 1217 1217 1218 1218 1219 1219 1220 1220 1220 1220 1219 1219 1221 1221 1222 1222 1223 1223 1224 1224 1224 1224 1223 1223 1225 1225 1226 1226 1227 1227 1228 1228 1228 1228 1227 1227 1229 1229 1230 1230 1231 1231 1232 1232 1232 1232 1231 1231 1233 1233 1234 1234 1235 1235 1236 1236 1236 1236 1235 1235 1237 1237 1238 1238 1239 1239 1240 1240 1240 1240 1239 1239 1241 1241 1242 1242 1243 1243 1244 1244 1244 1244 1243 1243 1245 1245 1246 1246 1247 1247 1248 1248 1248 1248 1247 1247 1249 1249 1250 1250 1251 1251 1252 1252 1252 1252 1251 1251 1253 1253 1254 1254 1255 1255 1256 1256 1256 1256 1255 1255 1257 1257 1258 1258 1259 1259 1260 1260 1260 1260 1259 1259 1261 1261 1262 1262 1263 1263 1264 1264 1264 1264 1263 1263 1265 1265 1266 1266 1267 1267 1268 1268 1268 1268 1267 1267 1269 1269 1270 1270 1271 1271 1272 1272 1272 1272 1271 1271 1273 1273 1274 1274 1275 1275 1276 1276 1276 1276 1275 1275 1277 1277 1278 1278 1279 1279 1280 1280 1280 1280 1279 1279 1281 1281 1282 1282 1283 1283 1284 1284 1284 1284 1283 1283 1285 1285 1286 1286 1287 1287 1288 1288 1288 1288 1287 1287 1289 1289 1290 1290 1291 1291 1292 1292 1292 1292 1291 1291 1293 1293 1294 1294 1295 1295 1296 1296 1296 1296 1295 1295 1297 1297 1298 1298 1299 1299 1300 1300 1300 1300 1299 1299 1301 1301 1302 1302 1303 1303 1304 1304 1304 1304 1303 1303 1305 1305 1306 1306 1307 1307 1308 1308 1308 1308 1307 1307 1309 1309 1310 1310 1311 1311 1312 1312 1312 1312 1311 1311 1313 1313 1314 1314 1315 1315 1316 1316 1316 1316 1315 1315 1317 1317 1318 1318 1319 1319 1320 1320 1320 1320 1319 1319 1321 1321 1322 1322 1323 1323 1324 1324 1324 1324 1323 1323 1325 1325 1326 1326 1327 1327 1328 1328 1328 1328 1327 1327 1329 1329 1330 1330 1331 1331 1332 1332 1332 1332 1331 1331 1333 1333 1334 1334 1335 1335 1336 1336 1336 1336 1335 1335 1337 1337 1338 1338 1339 1339 1340 1340 1340 1340 1339 1339 1341 1341 1342 1342 1343 1343 1344 1344 1344 1344 1343 1343 1345 1345 1346 1346 1347 1347 1348 1348 1348 1348 1347 1347 1349 1349 1350 1350 1351 1351 1352 1352 1352 1352 1351 1351 1353 1353 1354 1354 1355 1355 1356 1356 1356 1356 1355 1355 1357 1357 1358 1358 1359 1359 1360 1360 1360 1360 1359 1359 1361 1361 1362 1362 1363 1363 1364 1364 1364 1364 1363 1363 1365 1365 1366 1366 1367 1367 1368 1368 1368 1368 1367 1367 1369 1369 1370 1370 1371 1371 1372 1372 1372 1372 1371 1371 1373 1373 1374 1374 1375 1375 1376 1376 1376 1376 1375 1375 1377 1377 1378 1378 1379 1379 1380 1380 1380 1380 1379 1379 1381 1381 1382 1382 1383 1383 1384 1384 1384 1384 1383 1383 1385 1385 1386 1386 1387 1387 1388 1388 1388 1388 1387 1387 1389 1389 1390 1390 1391 1391 1392 1392 1392 1392 1391 1391 1393 1393 1394 1394 1395 1395 1396 1396 1396 1396 1395 1395 1397 1397 1398 1398 1399 1399 1400 1400 1400 1400 1399 1399 1401 1401 1402 1402 1403 1403 1404 1404 1404 1404 1403 1403 1405 1405 1406 1406 1407 1407 1408 1408 1408 1408 1407 1407 1409 1409 1410 1410 1411 1411 1412 1412 1412 1412 1411 1411 1413 1413 1414 1414 1415 1415 1416 1416 1416 1416 1415 1415 1417 1417 1418 1418 1419 1419 1420 1420 1420 1420 1419 1419 1421 1421 1422 1422 1423 1423 1424 1424 1424 1424 1423 1423 1425 1425 1426 1426 1427 1427 1428 1428 1428 1428 1427 1427 1429 1429 1430 1430 1431 1431 1432 1432 1432 1432 1431 1431 1433 1433 1434 1434 1435 1435 1436 1436 1436 1436 1435 1435 1437 1437 1438 1438 1439 1439 1440 1440 1440 1440 1439 1439 1441 1441 1442 1442 1443 1443 1444 1444 1444 1444 1443 1443 1445 1445 1446 1446 1447 1447 1448 1448 1448 1448 1447 1447 1449 1449 1450 1450 1451 1451 1452 1452 1452 1452 1451 1451 1453 1453 1453 1453 1451 1451 1454 1454 1453 1453 1454 1454 1455 1455 1455 1455 1454 1454 1456 1456 1456 1456 1454 1454 1457 1457 1455 1455 1458 1458 1453 1453 1453 1453 1458 1458 1459 1459 1453 1453 1459 1459 1460 1460 1460 1460 1459 1459 1461 1461 1460 1460 1461 1461 1462 1462 1462 1462 1461 1461 1463 1463 1463 1463 1461 1461 1464 1464 1465 1465 1466 1466 1458 1458 1458 1458 1466 1466 1459 1459 1462 1462 1467 1467 1460 1460 1460 1460 1467 1467 1468 1468 1468 1468 1467 1467 1469 1469 1470 1470 1471 1471 1472 1472 1472 1472 1471 1471 1473 1473 1474 1474 1475 1475 1476 1476 1476 1476 1475 1475 1477 1477 1478 1478 1479 1479 1480 1480 1480 1480 1479 1479 1481 1481 1480 1480 1481 1481 1482 1482 1482 1482 1481 1481 1483 1483 1482 1482 1483 1483 1484 1484 1484 1484 1483 1483 1485 1485 1486 1486 1487 1487 1481 1481 1481 1481 1487 1487 1488 1488 1481 1481 1488 1488 1483 1483 1489 1489 1490 1490 1486 1486 1486 1486 1490 1490 1491 1491 1486 1486 1491 1491 1492 1492 1492 1492 1491 1491 1493 1493 1493 1493 1491 1491 1494 1494 1489 1489 1495 1495 1490 1490 1492 1492 1487 1487 1486 1486 1496 1496 1497 1497 1487 1487 1487 1487 1497 1497 1488 1488 1498 1498 1499 1499 1500 1500 1500 1500 1499 1499 1501 1501 1502 1502 1503 1503 1504 1504 1504 1504 1503 1503 1505 1505 1506 1506 1507 1507 1508 1508 1508 1508 1507 1507 1509 1509 1508 1508 1509 1509 1510 1510 1510 1510 1509 1509 1511 1511 1511 1511 1509 1509 1512 1512 1511 1511 1512 1512 1513 1513 1513 1513 1512 1512 1514 1514 1514 1514 1512 1512 1515 1515 1514 1514 1515 1515 1508 1508 1506 1506 1516 1516 1507 1507 1507 1507 1516 1516 1517 1517 1517 1517 1516 1516 1515 1515 1517 1517 1515 1515 1512 1512 1510 1510 1514 1514 1508 1508 1518 1518 1519 1519 1520 1520 1520 1520 1519 1519 1521 1521 1522 1522 1523 1523 1524 1524 1524 1524 1523 1523 1525 1525 1526 1526 1527 1527 1528 1528 1528 1528 1527 1527 1529 1529 1530 1530 1531 1531 1532 1532 1532 1532 1531 1531 1533 1533 1532 1532 1533 1533 1534 1534 1530 1530 1535 1535 1531 1531 1531 1531 1535 1535 1536 1536 1536 1536 1535 1535 1537 1537 1536 1536 1537 1537 1534 1534 1534 1534 1537 1537 1532 1532 1536 1536 1534 1534 1538 1538 1538 1538 1534 1534 1539 1539 1538 1538 1539 1539 1540 1540 1538 1538 1540 1540 1541 1541 1541 1541 1540 1540 1533 1533 1541 1541 1533 1533 1531 1531 1542 1542 1543 1543 1544 1544 1544 1544 1543 1543 1545 1545 1546 1546 1547 1547 1548 1548 1548 1548 1547 1547 1549 1549 1550 1550 1551 1551 1552 1552 1552 1552 1551 1551 1553 1553 1554 1554 1555 1555 1556 1556 1556 1556 1555 1555 1557 1557 1558 1558 1559 1559 1560 1560 1560 1560 1559 1559 1561 1561 1562 1562 1563 1563 1564 1564 1564 1564 1563 1563 1565 1565 1566 1566 1567 1567 1568 1568 1568 1568 1567 1567 1569 1569 1570 1570 1571 1571 1572 1572 1572 1572 1571 1571 1573 1573 1574 1574 1575 1575 1576 1576 1576 1576 1575 1575 1577 1577 1578 1578 1579 1579 1580 1580 1580 1580 1579 1579 1581 1581 1582 1582 1583 1583 1584 1584 1584 1584 1583 1583 1585 1585 1586 1586 1587 1587 1588 1588 1588 1588 1587 1587 1589 1589 1590 1590 1591 1591 1592 1592 1592 1592 1591 1591 1593 1593 1594 1594 1595 1595 1596 1596 1596 1596 1595 1595 1597 1597 1598 1598 1599 1599 1600 1600 1600 1600 1599 1599 1601 1601 1600 1600 1601 1601 1602 1602 1602 1602 1601 1601 1603 1603 1602 1602 1603 1603 1604 1604 1604 1604 1603 1603 1605 1605 1603 1603 1601 1601 1606 1606 1606 1606 1601 1601 1607 1607 1606 1606 1607 1607 1608 1608 1608 1608 1607 1607 1609 1609 1609 1609 1607 1607 1610 1610 1609 1609 1610 1610 1611 1611 1611 1611 1610 1610 1612 1612 1610 1610 1607 1607 1613 1613 1613 1613 1607 1607 1614 1614 1613 1613 1614 1614 1615 1615 1616 1616 1617 1617 1608 1608 1608 1608 1617 1617 1606 1606 1618 1618 1619 1619 1620 1620 1620 1620 1619 1619 1621 1621 1622 1622 1623 1623 1624 1624 1624 1624 1623 1623 1625 1625 1626 1626 1627 1627 1628 1628 1628 1628 1627 1627 1629 1629 1629 1629 1627 1627 1630 1630 1629 1629 1630 1630 1631 1631 1631 1631 1630 1630 1632 1632 1632 1632 1630 1630 1633 1633 1631 1631 1634 1634 1629 1629 1629 1629 1634 1634 1635 1635 1635 1635 1634 1634 1636 1636 1635 1635 1636 1636 1637 1637 1638 1638 1639 1639 1634 1634 1634 1634 1639 1639 1636 1636 1640 1640 1641 1641 1637 1637 1637 1637 1641 1641 1642 1642 1637 1637 1642 1642 1635 1635 1635 1635 1642 1642 1643 1643 1635 1635 1643 1643 1644 1644 1644 1644 1643 1643 1645 1645 1646 1646 1647 1647 1648 1648 1648 1648 1647 1647 1649 1649 1650 1650 1651 1651 1652 1652 1652 1652 1651 1651 1653 1653 1654 1654 1655 1655 1656 1656 1656 1656 1655 1655 1657 1657 1656 1656 1657 1657 1658 1658 1658 1658 1657 1657 1659 1659 1659 1659 1657 1657 1660 1660 1659 1659 1660 1660 1661 1661 1661 1661 1660 1660 1662 1662 1662 1662 1660 1660 1663 1663 1662 1662 1663 1663 1656 1656 1654 1654 1664 1664 1655 1655 1655 1655 1664 1664 1665 1665 1665 1665 1664 1664 1663 1663 1665 1665 1663 1663 1660 1660 1658 1658 1662 1662 1656 1656 1666 1666 1667 1667 1668 1668 1668 1668 1667 1667 1669 1669 1670 1670 1671 1671 1672 1672 1672 1672 1671 1671 1673 1673 1674 1674 1675 1675 1676 1676 1676 1676 1675 1675 1677 1677 1678 1678 1679 1679 1680 1680 1680 1680 1679 1679 1681 1681 1680 1680 1681 1681 1682 1682 1678 1678 1683 1683 1679 1679 1679 1679 1683 1683 1684 1684 1684 1684 1683 1683 1685 1685 1684 1684 1685 1685 1682 1682 1682 1682 1685 1685 1680 1680 1684 1684 1682 1682 1686 1686 1686 1686 1682 1682 1687 1687 1686 1686 1687 1687 1688 1688 1686 1686 1688 1688 1689 1689 1689 1689 1688 1688 1681 1681 1689 1689 1681 1681 1679 1679 1690 1690 1691 1691 1692 1692 1692 1692 1691 1691 1693 1693 1694 1694 1695 1695 1696 1696 1696 1696 1695 1695 1697 1697 1698 1698 1699 1699 1700 1700 1700 1700 1699 1699 1701 1701 1702 1702 1703 1703 1704 1704 1704 1704 1703 1703 1705 1705 1706 1706 1707 1707 1708 1708 1708 1708 1707 1707 1709 1709 1710 1710 1711 1711 1712 1712 1712 1712 1711 1711 1713 1713 1714 1714 1715 1715 1716 1716 1716 1716 1715 1715 1717 1717 1718 1718 1719 1719 1720 1720 1720 1720 1719 1719 1721 1721 1722 1722 1723 1723 1724 1724 1724 1724 1723 1723 1725 1725 1726 1726 1727 1727 1728 1728 1728 1728 1727 1727 1729 1729 1730 1730 1731 1731 1732 1732 1732 1732 1731 1731 1733 1733 1734 1734 1735 1735 1736 1736 1736 1736 1735 1735 1737 1737 1738 1738 1739 1739 1740 1740 1740 1740 1739 1739 1741 1741 1742 1742 1743 1743 1744 1744 1744 1744 1743 1743 1745 1745 1746 1746 1747 1747 1748 1748 1748 1748 1747 1747 1749 1749 1749 1749 1747 1747 1750 1750 1749 1749 1750 1750 1751 1751 1751 1751 1750 1750 1752 1752 1752 1752 1750 1750 1753 1753 1751 1751 1754 1754 1749 1749 1749 1749 1754 1754 1755 1755 1749 1749 1755 1755 1756 1756 1756 1756 1755 1755 1757 1757 1756 1756 1757 1757 1758 1758 1758 1758 1757 1757 1759 1759 1759 1759 1757 1757 1760 1760 1761 1761 1762 1762 1754 1754 1754 1754 1762 1762 1755 1755 1758 1758 1763 1763 1756 1756 1756 1756 1763 1763 1764 1764 1764 1764 1763 1763 1765 1765 1766 1766 1767 1767 1768 1768 1768 1768 1767 1767 1769 1769 1770 1770 1771 1771 1772 1772 1772 1772 1771 1771 1773 1773 1774 1774 1775 1775 1776 1776 1776 1776 1775 1775 1777 1777 1776 1776 1777 1777 1778 1778 1778 1778 1777 1777 1779 1779 1778 1778 1779 1779 1780 1780 1780 1780 1779 1779 1781 1781 1782 1782 1783 1783 1777 1777 1777 1777 1783 1783 1784 1784 1777 1777 1784 1784 1779 1779 1785 1785 1786 1786 1782 1782 1782 1782 1786 1786 1787 1787 1782 1782 1787 1787 1788 1788 1788 1788 1787 1787 1789 1789 1789 1789 1787 1787 1790 1790 1785 1785 1791 1791 1786 1786 1788 1788 1783 1783 1782 1782 1792 1792 1793 1793 1783 1783 1783 1783 1793 1793 1784 1784 1794 1794 1795 1795 1796 1796 1796 1796 1795 1795 1797 1797 1798 1798 1799 1799 1800 1800 1800 1800 1799 1799 1801 1801 1802 1802 1803 1803 1804 1804 1804 1804 1803 1803 1805 1805 1804 1804 1805 1805 1806 1806 1806 1806 1805 1805 1807 1807 1807 1807 1805 1805 1808 1808 1807 1807 1808 1808 1809 1809 1809 1809 1808 1808 1810 1810 1810 1810 1808 1808 1811 1811 1810 1810 1811 1811 1804 1804 1802 1802 1812 1812 1803 1803 1803 1803 1812 1812 1813 1813 1813 1813 1812 1812 1811 1811 1813 1813 1811 1811 1808 1808 1806 1806 1810 1810 1804 1804 1814 1814 1815 1815 1816 1816 1816 1816 1815 1815 1817 1817 1818 1818 1819 1819 1820 1820 1820 1820 1819 1819 1821 1821 1822 1822 1823 1823 1824 1824 1824 1824 1823 1823 1825 1825 1826 1826 1827 1827 1828 1828 1828 1828 1827 1827 1829 1829 1828 1828 1829 1829 1830 1830 1826 1826 1831 1831 1827 1827 1827 1827 1831 1831 1832 1832 1832 1832 1831 1831 1833 1833 1832 1832 1833 1833 1830 1830 1830 1830 1833 1833 1828 1828 1832 1832 1830 1830 1834 1834 1834 1834 1830 1830 1835 1835 1834 1834 1835 1835 1836 1836 1834 1834 1836 1836 1837 1837 1837 1837 1836 1836 1829 1829 1837 1837 1829 1829 1827 1827 1838 1838 1839 1839 1840 1840 1840 1840 1839 1839 1841 1841 1842 1842 1843 1843 1844 1844 1844 1844 1843 1843 1845 1845 1846 1846 1847 1847 1848 1848 1848 1848 1847 1847 1849 1849 1850 1850 1851 1851 1852 1852 1852 1852 1851 1851 1853 1853 1854 1854 1855 1855 1856 1856 1856 1856 1855 1855 1857 1857 1858 1858 1859 1859 1860 1860 1860 1860 1859 1859 1861 1861 1862 1862 1863 1863 1864 1864 1864 1864 1863 1863 1865 1865 1866 1866 1867 1867 1868 1868 1868 1868 1867 1867 1869 1869 1870 1870 1871 1871 1872 1872 1872 1872 1871 1871 1873 1873 1874 1874 1875 1875 1876 1876 1876 1876 1875 1875 1877 1877 1878 1878 1879 1879 1880 1880 1880 1880 1879 1879 1881 1881 1882 1882 1883 1883 1884 1884 1884 1884 1883 1883 1885 1885 1886 1886 1887 1887 1888 1888 1888 1888 1887 1887 1889 1889 1890 1890 1891 1891 1892 1892 1892 1892 1891 1891 1893 1893 1894 1894 1895 1895 1896 1896 1896 1896 1895 1895 1897 1897 1898 1898 1899 1899 1900 1900 1900 1900 1899 1899 1901 1901 1900 1900 1901 1901 1902 1902 1902 1902 1901 1901 1903 1903 1902 1902 1903 1903 1904 1904 1904 1904 1903 1903 1905 1905 1903 1903 1901 1901 1906 1906 1906 1906 1901 1901 1907 1907 1906 1906 1907 1907 1908 1908 1908 1908 1907 1907 1909 1909 1909 1909 1907 1907 1910 1910 1909 1909 1910 1910 1911 1911 1911 1911 1910 1910 1912 1912 1907 1907 1913 1913 1910 1910 1914 1914 1915 1915 1908 1908 1908 1908 1915 1915 1906 1906 1916 1916 1917 1917 1918 1918 1918 1918 1917 1917 1919 1919 1920 1920 1921 1921 1922 1922 1922 1922 1921 1921 1923 1923 1924 1924 1925 1925 1926 1926 1926 1926 1925 1925 1927 1927 1927 1927 1925 1925 1928 1928 1927 1927 1928 1928 1929 1929 1929 1929 1928 1928 1930 1930 1930 1930 1928 1928 1931 1931 1929 1929 1932 1932 1927 1927 1927 1927 1932 1932 1933 1933 1933 1933 1932 1932 1934 1934 1933 1933 1934 1934 1935 1935 1936 1936 1937 1937 1932 1932 1932 1932 1937 1937 1934 1934 1938 1938 1939 1939 1935 1935 1935 1935 1939 1939 1940 1940 1935 1935 1940 1940 1933 1933 1933 1933 1940 1940 1941 1941 1942 1942 1943 1943 1944 1944 1944 1944 1943 1943 1945 1945 1946 1946 1947 1947 1948 1948 1948 1948 1947 1947 1949 1949 1950 1950 1951 1951 1952 1952 1952 1952 1951 1951 1953 1953 1952 1952 1953 1953 1954 1954 1954 1954 1953 1953 1955 1955 1955 1955 1953 1953 1956 1956 1955 1955 1956 1956 1957 1957 1957 1957 1956 1956 1958 1958 1958 1958 1956 1956 1959 1959 1958 1958 1959 1959 1952 1952 1950 1950 1960 1960 1951 1951 1951 1951 1960 1960 1961 1961 1961 1961 1960 1960 1959 1959 1961 1961 1959 1959 1956 1956 1954 1954 1958 1958 1952 1952 1962 1962 1963 1963 1964 1964 1964 1964 1963 1963 1965 1965 1966 1966 1967 1967 1968 1968 1968 1968 1967 1967 1969 1969 1970 1970 1971 1971 1972 1972 1972 1972 1971 1971 1973 1973 1972 1972 1973 1973 1974 1974 1970 1970 1975 1975 1971 1971 1971 1971 1975 1975 1976 1976 1976 1976 1975 1975 1977 1977 1976 1976 1977 1977 1974 1974 1974 1974 1977 1977 1972 1972 1976 1976 1974 1974 1978 1978 1978 1978 1974 1974 1979 1979 1978 1978 1979 1979 1980 1980 1978 1978 1980 1980 1981 1981 1981 1981 1980 1980 1973 1973 1981 1981 1973 1973 1971 1971 1982 1982 1983 1983 1984 1984 1984 1984 1983 1983 1985 1985 1986 1986 1987 1987 1988 1988 1988 1988 1987 1987 1989 1989 1990 1990 1991 1991 1992 1992 1992 1992 1991 1991 1993 1993 1994 1994 1995 1995 1996 1996 1996 1996 1995 1995 1997 1997 1998 1998 1999 1999 2000 2000 2000 2000 1999 1999 2001 2001 2002 2002 2003 2003 2004 2004 2004 2004 2003 2003 2005 2005 2006 2006 2007 2007 2008 2008 2008 2008 2007 2007 2009 2009 2010 2010 2011 2011 2012 2012 2012 2012 2011 2011 2013 2013 2014 2014 2015 2015 2016 2016 2016 2016 2015 2015 2017 2017 2018 2018 2019 2019 2020 2020 2020 2020 2019 2019 2021 2021 2022 2022 2023 2023 2024 2024 2024 2024 2023 2023 2025 2025 2026 2026 2027 2027 2028 2028 2028 2028 2027 2027 2029 2029 2030 2030 2031 2031 2032 2032 2032 2032 2031 2031 2033 2033 2034 2034 2035 2035 2036 2036 2036 2036 2035 2035 2037 2037 2038 2038 2039 2039 2040 2040 2040 2040 2039 2039 2041 2041 2042 2042 2043 2043 2044 2044 2044 2044 2043 2043 2045 2045 2046 2046 2047 2047 2048 2048 2048 2048 2047 2047 2049 2049 2050 2050 2051 2051 2052 2052 2052 2052 2051 2051 2053 2053 2054 2054 2055 2055 2056 2056 2056 2056 2055 2055 2057 2057 2058 2058 2059 2059 2060 2060 2060 2060 2059 2059 2061 2061 2062 2062 2063 2063 2064 2064 2064 2064 2063 2063 2065 2065 2066 2066 2067 2067 2068 2068 2068 2068 2067 2067 2069 2069 2070 2070 2071 2071 2072 2072 2072 2072 2071 2071 2073 2073 2074 2074 2075 2075 2076 2076 2076 2076 2075 2075 2077 2077 2078 2078 2079 2079 2080 2080 2080 2080 2079 2079 2081 2081 2082 2082 2083 2083 2084 2084 2084 2084 2083 2083 2085 2085 2086 2086 2087 2087 2088 2088 2088 2088 2087 2087 2089 2089 2090 2090 2091 2091 2092 2092 2092 2092 2091 2091 2093 2093 2094 2094 2095 2095 2096 2096 2096 2096 2095 2095 2097 2097 2098 2098 2099 2099 2100 2100 2100 2100 2099 2099 2101 2101 2102 2102 2103 2103 2104 2104 2104 2104 2103 2103 2105 2105 2106 2106 2107 2107 2108 2108 2108 2108 2107 2107 2109 2109 2110 2110 2111 2111 2112 2112 2112 2112 2111 2111 2113 2113 2114 2114 2115 2115 2116 2116 2116 2116 2115 2115 2117 2117 2118 2118 2119 2119 2120 2120 2120 2120 2119 2119 2121 2121 2122 2122 2123 2123 2124 2124 2124 2124 2123 2123 2125 2125 2126 2126 2127 2127 2128 2128 2128 2128 2127 2127 2129 2129 2130 2130 2131 2131 2132 2132 2132 2132 2131 2131 2133 2133 2134 2134 2135 2135 2136 2136 2136 2136 2135 2135 2137 2137 2138 2138 2139 2139 2140 2140 2140 2140 2139 2139 2141 2141 2142 2142 2143 2143 2144 2144 2144 2144 2143 2143 2145 2145 2146 2146 2147 2147 2148 2148 2148 2148 2147 2147 2149 2149 2150 2150 2151 2151 2152 2152 2152 2152 2151 2151 2153 2153 2154 2154 2155 2155 2156 2156 2156 2156 2155 2155 2157 2157 2158 2158 2159 2159 2160 2160 2160 2160 2159 2159 2161 2161 2162 2162 2163 2163 2164 2164 2164 2164 2163 2163 2165 2165 2166 2166 2167 2167 2168 2168 2168 2168 2167 2167 2169 2169 2170 2170 2171 2171 2172 2172 2172 2172 2171 2171 2173 2173 2174 2174 2175 2175 2176 2176 2176 2176 2175 2175 2177 2177 2178 2178 2179 2179 2180 2180 2180 2180 2179 2179 2181 2181 2182 2182 2183 2183 2184 2184 2184 2184 2183 2183 2185 2185 2186 2186 2187 2187 2188 2188 2188 2188 2187 2187 2189 2189 2190 2190 2191 2191 2192 2192 2192 2192 2191 2191 2193 2193 2194 2194 2195 2195 2196 2196 2196 2196 2195 2195 2197 2197 2198 2198 2199 2199 2200 2200 2200 2200 2199 2199 2201 2201 2202 2202 2203 2203 2204 2204 2204 2204 2203 2203 2205 2205 2206 2206 2207 2207 2208 2208 2208 2208 2207 2207 2209 2209 2210 2210 2211 2211 2212 2212 2212 2212 2211 2211 2213 2213 2214 2214 2215 2215 2216 2216 2216 2216 2215 2215 2217 2217 2218 2218 2219 2219 2220 2220 2220 2220 2219 2219 2221 2221 2222 2222 2223 2223 2224 2224 2224 2224 2223 2223 2225 2225 2226 2226 2227 2227 2228 2228 2228 2228 2227 2227 2229 2229 2230 2230 2231 2231 2232 2232 2232 2232 2231 2231 2233 2233 2234 2234 2235 2235 2236 2236 2236 2236 2235 2235 2237 2237 2238 2238 2239 2239 2240 2240 2240 2240 2239 2239 2241 2241 2242 2242 2243 2243 2244 2244 2244 2244 2243 2243 2245 2245 2246 2246 2247 2247 2248 2248 2248 2248 2247 2247 2249 2249 2250 2250 2251 2251 2252 2252 2252 2252 2251 2251 2253 2253 2254 2254 2255 2255 2256 2256 2256 2256 2255 2255 2257 2257 2258 2258 2259 2259 2260 2260 2260 2260 2259 2259 2261 2261 2262 2262 2263 2263 2264 2264 2264 2264 2263 2263 2265 2265 2266 2266 2267 2267 2268 2268 2268 2268 2267 2267 2269 2269 2270 2270 2271 2271 2272 2272 2272 2272 2271 2271 2273 2273 2274 2274 2275 2275 2276 2276 2276 2276 2275 2275 2277 2277 2278 2278 2279 2279 2280 2280 2280 2280 2279 2279 2281 2281 2282 2282 2283 2283 2284 2284 2284 2284 2283 2283 2285 2285 2286 2286 2287 2287 2288 2288 2288 2288 2287 2287 2289 2289 2290 2290 2291 2291 2292 2292 2292 2292 2291 2291 2293 2293 2294 2294 2295 2295 2296 2296 2296 2296 2295 2295 2297 2297 2298 2298 2299 2299 2300 2300 2300 2300 2299 2299 2301 2301 2302 2302 2303 2303 2304 2304 2304 2304 2303 2303 2305 2305 2306 2306 2307 2307 2308 2308 2308 2308 2307 2307 2309 2309 2310 2310 2311 2311 2312 2312 2312 2312 2311 2311 2313 2313 2314 2314 2315 2315 2316 2316 2316 2316 2315 2315 2317 2317 2318 2318 2319 2319 2320 2320 2320 2320 2319 2319 2321 2321 2322 2322 2323 2323 2324 2324 2324 2324 2323 2323 2325 2325 2326 2326 2327 2327 2328 2328 2328 2328 2327 2327 2329 2329 2330 2330 2331 2331 2332 2332 2332 2332 2331 2331 2333 2333 2334 2334 2335 2335 2336 2336 2336 2336 2335 2335 2337 2337 2338 2338 2339 2339 2340 2340 2340 2340 2339 2339 2341 2341 2342 2342 2343 2343 2344 2344 2344 2344 2343 2343 2345 2345 2346 2346 2347 2347 2348 2348 2348 2348 2347 2347 2349 2349 2350 2350 2351 2351 2352 2352 2352 2352 2351 2351 2353 2353 2354 2354 2355 2355 2356 2356 2356 2356 2355 2355 2357 2357 2358 2358 2359 2359 2360 2360 2360 2360 2359 2359 2361 2361 2362 2362 2363 2363 2364 2364 2364 2364 2363 2363 2365 2365 2366 2366 2367 2367 2368 2368 2368 2368 2367 2367 2369 2369 2370 2370 2371 2371 2372 2372 2372 2372 2371 2371 2373 2373 2374 2374 2375 2375 2376 2376 2376 2376 2375 2375 2377 2377 2378 2378 2379 2379 2380 2380 2380 2380 2379 2379 2381 2381 2382 2382 2383 2383 2384 2384 2384 2384 2383 2383 2385 2385 2386 2386 2387 2387 2388 2388 2388 2388 2387 2387 2389 2389 2390 2390 2391 2391 2392 2392 2392 2392 2391 2391 2393 2393 2394 2394 2395 2395 2396 2396 2396 2396 2395 2395 2397 2397 2398 2398 2399 2399 2400 2400 2400 2400 2399 2399 2401 2401 2402 2402 2403 2403 2404 2404 2404 2404 2403 2403 2405 2405 2406 2406 2407 2407 2408 2408 2408 2408 2407 2407 2409 2409 2410 2410 2411 2411 2412 2412 2412 2412 2411 2411 2413 2413 2414 2414 2415 2415 2416 2416 2416 2416 2415 2415 2417 2417 2418 2418 2419 2419 2420 2420 2420 2420 2419 2419 2421 2421 2422 2422 2423 2423 2424 2424 2424 2424 2423 2423 2425 2425 2426 2426 2427 2427 2428 2428 2428 2428 2427 2427 2429 2429 2430 2430 2431 2431 2432 2432 2432 2432 2431 2431 2433 2433 2434 2434 2435 2435 2436 2436 2436 2436 2435 2435 2437 2437 2438 2438 2439 2439 2440 2440 2440 2440 2439 2439 2441 2441 2442 2442 2443 2443 2444 2444 2444 2444 2443 2443 2445 2445 2446 2446 2447 2447 2448 2448 2448 2448 2447 2447 2449 2449 2450 2450 2451 2451 2452 2452 2452 2452 2451 2451 2453 2453 2454 2454 2455 2455 2456 2456 2456 2456 2455 2455 2457 2457 2458 2458 2459 2459 2460 2460 2460 2460 2459 2459 2461 2461 2462 2462 2463 2463 2464 2464 2464 2464 2463 2463 2465 2465 2466 2466 2467 2467 2468 2468 2468 2468 2467 2467 2469 2469 2470 2470 2471 2471 2472 2472 2472 2472 2471 2471 2473 2473 2474 2474 2475 2475 2476 2476 2476 2476 2475 2475 2477 2477 2478 2478 2479 2479 2480 2480 2480 2480 2479 2479 2481 2481 2482 2482 2483 2483 2484 2484 2484 2484 2483 2483 2485 2485 2486 2486 2487 2487 2488 2488 2488 2488 2487 2487 2489 2489 2490 2490 2491 2491 2492 2492 2492 2492 2491 2491 2493 2493 2494 2494 2495 2495 2496 2496 2496 2496 2495 2495 2497 2497 2498 2498 2499 2499 2500 2500 2500 2500 2499 2499 2501 2501 2502 2502 2503 2503 2504 2504 2504 2504 2503 2503 2505 2505 2506 2506 2507 2507 2508 2508 2508 2508 2507 2507 2509 2509 2510 2510 2511 2511 2512 2512 2512 2512 2511 2511 2513 2513 2514 2514 2515 2515 2516 2516 2516 2516 2515 2515 2517 2517 2518 2518 2519 2519 2520 2520 2520 2520 2519 2519 2521 2521 2522 2522 2523 2523 2524 2524 2524 2524 2523 2523 2525 2525 2526 2526 2527 2527 2528 2528 2528 2528 2527 2527 2529 2529 2530 2530 2531 2531 2532 2532 2532 2532 2531 2531 2533 2533 2534 2534 2535 2535 2536 2536 2536 2536 2535 2535 2537 2537 2538 2538 2539 2539 2540 2540 2540 2540 2539 2539 2541 2541 2542 2542 2543 2543 2544 2544 2544 2544 2543 2543 2545 2545 2546 2546 2547 2547 2548 2548 2548 2548 2547 2547 2549 2549 2550 2550 2551 2551 2552 2552 2552 2552 2551 2551 2553 2553 2554 2554 2555 2555 2556 2556 2556 2556 2555 2555 2557 2557 2558 2558 2559 2559 2560 2560 2560 2560 2559 2559 2561 2561 2562 2562 2563 2563 2564 2564 2564 2564 2563 2563 2565 2565 2566 2566 2567 2567 2568 2568 2568 2568 2567 2567 2569 2569 2570 2570 2571 2571 2572 2572 2572 2572 2571 2571 2573 2573 2574 2574 2575 2575 2576 2576 2576 2576 2575 2575 2577 2577 2578 2578 2579 2579 2580 2580 2580 2580 2579 2579 2581 2581 2582 2582 2583 2583 2584 2584 2584 2584 2583 2583 2585 2585 2586 2586 2587 2587 2588 2588 2588 2588 2587 2587 2589 2589 2590 2590 2591 2591 2592 2592 2592 2592 2591 2591 2593 2593 2594 2594 2595 2595 2596 2596 2596 2596 2595 2595 2597 2597 2598 2598 2599 2599 2600 2600 2600 2600 2599 2599 2601 2601 2602 2602 2603 2603 2604 2604 2604 2604 2603 2603 2605 2605 2606 2606 2607 2607 2608 2608 2608 2608 2607 2607 2609 2609 2610 2610 2611 2611 2612 2612 2612 2612 2611 2611 2613 2613 2614 2614 2615 2615 2616 2616 2616 2616 2615 2615 2617 2617 2618 2618 2619 2619 2620 2620 2620 2620 2619 2619 2621 2621 2622 2622 2623 2623 2624 2624 2624 2624 2623 2623 2625 2625 2626 2626 2627 2627 2628 2628 2628 2628 2627 2627 2629 2629 2630 2630 2631 2631 2632 2632 2632 2632 2631 2631 2633 2633 2634 2634 2635 2635 2636 2636 2636 2636 2635 2635 2637 2637 2638 2638 2639 2639 2640 2640 2640 2640 2639 2639 2641 2641 2642 2642 2643 2643 2644 2644 2644 2644 2643 2643 2645 2645 2646 2646 2647 2647 2648 2648 2648 2648 2647 2647 2649 2649 2650 2650 2651 2651 2652 2652 2652 2652 2651 2651 2653 2653 2654 2654 2655 2655 2656 2656 2656 2656 2655 2655 2657 2657 2658 2658 2659 2659 2660 2660 2660 2660 2659 2659 2661 2661 2662 2662 2663 2663 2664 2664 2664 2664 2663 2663 2665 2665 2666 2666 2667 2667 2668 2668 2668 2668 2667 2667 2669 2669 2670 2670 2671 2671 2672 2672 2672 2672 2671 2671 2673 2673 2674 2674 2675 2675 2676 2676 2676 2676 2675 2675 2677 2677 2678 2678 2679 2679 2680 2680 2680 2680 2679 2679 2681 2681 2682 2682 2683 2683 2684 2684 2684 2684 2683 2683 2685 2685 2686 2686 2687 2687 2688 2688 2688 2688 2687 2687 2689 2689 2690 2690 2691 2691 2692 2692 2692 2692 2691 2691 2693 2693 2694 2694 2695 2695 2696 2696 2696 2696 2695 2695 2697 2697 2698 2698 2699 2699 2700 2700 2700 2700 2699 2699 2701 2701 2702 2702 2703 2703 2704 2704 2704 2704 2703 2703 2705 2705 2706 2706 2707 2707 2708 2708 2708 2708 2707 2707 2709 2709 2710 2710 2711 2711 2712 2712 2712 2712 2711 2711 2713 2713 2714 2714 2715 2715 2716 2716 2716 2716 2715 2715 2717 2717 2718 2718 2719 2719 2720 2720 2720 2720 2719 2719 2721 2721 2722 2722 2723 2723 2724 2724 2724 2724 2723 2723 2725 2725 2726 2726 2727 2727 2728 2728 2728 2728 2727 2727 2729 2729 2730 2730 2731 2731 2732 2732 2732 2732 2731 2731 2733 2733 2734 2734 2735 2735 2736 2736 2736 2736 2735 2735 2737 2737 2738 2738 2739 2739 2740 2740 2740 2740 2739 2739 2741 2741 2742 2742 2743 2743 2744 2744 2744 2744 2743 2743 2745 2745 2746 2746 2747 2747 2748 2748 2748 2748 2747 2747 2749 2749 2750 2750 2751 2751 2752 2752 2752 2752 2751 2751 2753 2753 2754 2754 2755 2755 2756 2756 2756 2756 2755 2755 2757 2757 2758 2758 2759 2759 2760 2760 2760 2760 2759 2759 2761 2761 2762 2762 2763 2763 2764 2764 2764 2764 2763 2763 2765 2765 2766 2766 2767 2767 2768 2768 2768 2768 2767 2767 2769 2769 2770 2770 2771 2771 2772 2772 2772 2772 2771 2771 2773 2773 2774 2774 2775 2775 2776 2776 2776 2776 2775 2775 2777 2777 2778 2778 2779 2779 2780 2780 2780 2780 2779 2779 2781 2781 2782 2782 2783 2783 2784 2784 2784 2784 2783 2783 2785 2785 2786 2786 2787 2787 2788 2788 2788 2788 2787 2787 2789 2789 2790 2790 2791 2791 2792 2792 2792 2792 2791 2791 2793 2793 2794 2794 2795 2795 2796 2796 2796 2796 2795 2795 2797 2797 2798 2798 2799 2799 2800 2800 2800 2800 2799 2799 2801 2801 2802 2802 2803 2803 2804 2804 2804 2804 2803 2803 2805 2805 2806 2806 2807 2807 2808 2808 2808 2808 2807 2807 2809 2809 2810 2810 2811 2811 2812 2812 2812 2812 2811 2811 2813 2813 2814 2814 2815 2815 2816 2816 2816 2816 2815 2815 2817 2817 2818 2818 2819 2819 2820 2820 2820 2820 2819 2819 2821 2821 2822 2822 2823 2823 2824 2824 2824 2824 2823 2823 2825 2825 2826 2826 2827 2827 2828 2828 2828 2828 2827 2827 2829 2829 2830 2830 2831 2831 2832 2832 2832 2832 2831 2831 2833 2833 2834 2834 2835 2835 2836 2836 2836 2836 2835 2835 2837 2837 2838 2838 2839 2839 2840 2840 2840 2840 2839 2839 2841 2841 2842 2842 2843 2843 2844 2844 2844 2844 2843 2843 2845 2845 2846 2846 2847 2847 2848 2848 2848 2848 2847 2847 2849 2849 2850 2850 2851 2851 2852 2852 2852 2852 2851 2851 2853 2853 2854 2854 2855 2855 2856 2856 2856 2856 2855 2855 2857 2857 2858 2858 2859 2859 2860 2860 2860 2860 2859 2859 2861 2861 2862 2862 2863 2863 2864 2864 2864 2864 2863 2863 2865 2865 2866 2866 2867 2867 2868 2868 2868 2868 2867 2867 2869 2869 2870 2870 2871 2871 2872 2872 2872 2872 2871 2871 2873 2873 2874 2874 2875 2875 2876 2876 2876 2876 2875 2875 2877 2877 2878 2878 2879 2879 2880 2880 2880 2880 2879 2879 2881 2881 2882 2882 2883 2883 2884 2884 2884 2884 2883 2883 2885 2885 2886 2886 2887 2887 2888 2888 2888 2888 2887 2887 2889 2889 2890 2890 2891 2891 2892 2892 2892 2892 2891 2891 2893 2893 2894 2894 2895 2895 2896 2896 2896 2896 2895 2895 2897 2897 2898 2898 2899 2899 2900 2900 2900 2900 2899 2899 2901 2901 2902 2902 2903 2903 2904 2904 2904 2904 2903 2903 2905 2905 2906 2906 2907 2907 2908 2908 2908 2908 2907 2907 2909 2909 2910 2910 2911 2911 2912 2912 2912 2912 2911 2911 2913 2913 2914 2914 2915 2915 2916 2916 2916 2916 2915 2915 2917 2917 2918 2918 2919 2919 2920 2920 2920 2920 2919 2919 2921 2921 2922 2922 2923 2923 2924 2924 2924 2924 2923 2923 2925 2925 2926 2926 2927 2927 2928 2928 2928 2928 2927 2927 2929 2929 2930 2930 2931 2931 2932 2932 2932 2932 2931 2931 2933 2933 2934 2934 2935 2935 2936 2936 2936 2936 2935 2935 2937 2937 2938 2938 2939 2939 2940 2940 2940 2940 2939 2939 2941 2941 2942 2942 2943 2943 2944 2944 2944 2944 2943 2943 2945 2945 2946 2946 2947 2947 2948 2948 2948 2948 2947 2947 2949 2949 2950 2950 2951 2951 2952 2952 2952 2952 2951 2951 2953 2953 2954 2954 2955 2955 2956 2956 2956 2956 2955 2955 2957 2957 2958 2958 2959 2959 2960 2960 2960 2960 2959 2959 2961 2961 2962 2962 2963 2963 2964 2964 2964 2964 2963 2963 2965 2965 2966 2966 2967 2967 2968 2968 2968 2968 2967 2967 2969 2969 2970 2970 2971 2971 2972 2972 2972 2972 2971 2971 2973 2973 2974 2974 2975 2975 2976 2976 2976 2976 2975 2975 2977 2977 2978 2978 2979 2979 2980 2980 2980 2980 2979 2979 2981 2981 2982 2982 2983 2983 2984 2984 2984 2984 2983 2983 2985 2985 2986 2986 2987 2987 2988 2988 2988 2988 2987 2987 2989 2989 2990 2990 2991 2991 2992 2992 2992 2992 2991 2991 2993 2993 2994 2994 2995 2995 2996 2996 2996 2996 2995 2995 2997 2997 2998 2998 2999 2999 3000 3000 3000 3000 2999 2999 3001 3001 3002 3002 3003 3003 3004 3004 3004 3004 3003 3003 3005 3005 3006 3006 3007 3007 3008 3008 3008 3008 3007 3007 3009 3009 3010 3010 3011 3011 3012 3012 3012 3012 3011 3011 3013 3013 3014 3014 3015 3015 3016 3016 3016 3016 3015 3015 3017 3017 3018 3018 3019 3019 3020 3020 3020 3020 3019 3019 3021 3021 3022 3022 3023 3023 3024 3024 3024 3024 3023 3023 3025 3025 3026 3026 3027 3027 3028 3028 3028 3028 3027 3027 3029 3029 3030 3030 3031 3031 3032 3032 3032 3032 3031 3031 3033 3033 3034 3034 3035 3035 3036 3036 3036 3036 3035 3035 3037 3037 3038 3038 3039 3039 3040 3040 3040 3040 3039 3039 3041 3041 3042 3042 3043 3043 3044 3044 3044 3044 3043 3043 3045 3045 3046 3046 3047 3047 3048 3048 3048 3048 3047 3047 3049 3049 3050 3050 3051 3051 3052 3052 3052 3052 3051 3051 3053 3053 3054 3054 3055 3055 3056 3056 3056 3056 3055 3055 3057 3057 3058 3058 3059 3059 3060 3060 3060 3060 3059 3059 3061 3061 3062 3062 3063 3063 3064 3064 3064 3064 3063 3063 3065 3065 3066 3066 3067 3067 3068 3068 3068 3068 3067 3067 3069 3069 3070 3070 3071 3071 3072 3072 3072 3072 3071 3071 3073 3073 3072 3072 3073 3073 3074 3074 3075 3075 3076 3076 3077 3077 3077 3077 3076 3076 3078 3078 3079 3079 3080 3080 3081 3081 3081 3081 3080 3080 3082 3082 3083 3083 3084 3084 3085 3085 3085 3085 3084 3084 3086 3086 3087 3087 3088 3088 3089 3089 3089 3089 3088 3088 3090 3090 3091 3091 3092 3092 3093 3093 3093 3093 3092 3092 3094 3094 3095 3095 3096 3096 3097 3097 3097 3097 3096 3096 3098 3098 3099 3099 3100 3100 3101 3101 3101 3101 3100 3100 3102 3102 3103 3103 3104 3104 3105 3105 3105 3105 3104 3104 3106 3106 3107 3107 3108 3108 3109 3109 3109 3109 3108 3108 3110 3110 3111 3111 3112 3112 3113 3113 3113 3113 3112 3112 3114 3114 3115 3115 3116 3116 3117 3117 3117 3117 3116 3116 3118 3118 3119 3119 3120 3120 3121 3121 3121 3121 3120 3120 3122 3122 3123 3123 3124 3124 3125 3125 3125 3125 3124 3124 3126 3126 3127 3127 3128 3128 3129 3129 3129 3129 3128 3128 3130 3130 3131 3131 3132 3132 3133 3133 3133 3133 3132 3132 3134 3134 3135 3135 3136 3136 3137 3137 3137 3137 3136 3136 3138 3138 3139 3139 3140 3140 3141 3141 3141 3141 3140 3140 3142 3142 3143 3143 3144 3144 3145 3145 3145 3145 3144 3144 3146 3146 3147 3147 3148 3148 3149 3149 3149 3149 3148 3148 3150 3150 3151 3151 3152 3152 3153 3153 3153 3153 3152 3152 3154 3154 3155 3155 3156 3156 3157 3157 3157 3157 3156 3156 3158 3158 3159 3159 3160 3160 3161 3161 3161 3161 3160 3160 3162 3162 3163 3163 3164 3164 3165 3165 3165 3165 3164 3164 3166 3166 3167 3167 3168 3168 3169 3169 3169 3169 3168 3168 3170 3170 3171 3171 3172 3172 3173 3173 3173 3173 3172 3172 3174 3174 3175 3175 3176 3176 3177 3177 3177 3177 3176 3176 3178 3178 3179 3179 3180 3180 3181 3181 3181 3181 3180 3180 3182 3182 3183 3183 3184 3184 3185 3185 3185 3185 3184 3184 3186 3186 3187 3187 3188 3188 3189 3189 3189 3189 3188 3188 3190 3190 3191 3191 3192 3192 3193 3193 3193 3193 3192 3192 3194 3194 3195 3195 3196 3196 3197 3197 3197 3197 3196 3196 3198 3198 3197 3197 3198 3198 3199 3199 3199 3199 3198 3198 3200 3200 3199 3199 3200 3200 3201 3201 3201 3201 3200 3200 3202 3202 3202 3202 3200 3200 3203 3203 3204 3204 3205 3205 3199 3199 3199 3199 3205 3205 3206 3206 3199 3199 3206 3206 3207 3207 3208 3208 3209 3209 3204 3204 3204 3204 3209 3209 3210 3210 3204 3204 3210 3210 3211 3211 3211 3211 3210 3210 3212 3212 3212 3212 3210 3210 3213 3213 3208 3208 3214 3214 3209 3209 3209 3209 3214 3214 3215 3215 3211 3211 3216 3216 3204 3204 3204 3204 3216 3216 3217 3217 3204 3204 3217 3217 3218 3218 3218 3218 3205 3205 3204 3204 3207 3207 3219 3219 3199 3199 3199 3199 3219 3219 3197 3197 3220 3220 3221 3221 3222 3222 3222 3222 3221 3221 3223 3223 3224 3224 3225 3225 3226 3226 3226 3226 3225 3225 3227 3227 3228 3228 3229 3229 3230 3230 3230 3230 3229 3229 3231 3231 3230 3230 3231 3231 3232 3232 3232 3232 3233 3233 3230 3230 3234 3234 3235 3235 3236 3236 3236 3236 3235 3235 3237 3237 3238 3238 3239 3239 3240 3240 3240 3240 3239 3239 3241 3241 3240 3240 3241 3241 3242 3242 3242 3242 3241 3241 3243 3243 3244 3244 3245 3245 3239 3239 3239 3239 3245 3245 3246 3246 3239 3239 3246 3246 3247 3247 3247 3247 3246 3246 3248 3248 3248 3248 3246 3246 3249 3249 3250 3250 3251 3251 3244 3244 3244 3244 3251 3251 3252 3252 3244 3244 3252 3252 3253 3253 3254 3254 3255 3255 3251 3251 3251 3251 3255 3255 3252 3252 3256 3256 3257 3257 3253 3253 3253 3253 3257 3257 3258 3258 3253 3253 3258 3258 3244 3244 3244 3244 3258 3258 3259 3259 3244 3244 3259 3259 3260 3260 3260 3260 3259 3259 3261 3261 3261 3261 3259 3259 3262 3262 3260 3260 3263 3263 3244 3244 3244 3244 3263 3263 3264 3264 3244 3244 3264 3264 3265 3265 3266 3266 3267 3267 3263 3263 3263 3263 3267 3267 3264 3264 3268 3268 3269 3269 3265 3265 3265 3265 3269 3269 3270 3270 3265 3265 3270 3270 3244 3244 3244 3244 3270 3270 3271 3271 3244 3244 3271 3271 3272 3272 3272 3272 3271 3271 3273 3273 3273 3273 3271 3271 3274 3274 3272 3272 3275 3275 3244 3244 3244 3244 3275 3275 3276 3276 3244 3244 3276 3276 3277 3277 3278 3278 3279 3279 3275 3275 3275 3275 3279 3279 3276 3276 3280 3280 3281 3281 3277 3277 3277 3277 3281 3281 3282 3282 3277 3277 3282 3282 3244 3244 3244 3244 3282 3282 3283 3283 3244 3244 3283 3283 3284 3284 3284 3284 3283 3283 3285 3285 3285 3285 3283 3283 3286 3286 3284 3284 3287 3287 3244 3244 3244 3244 3287 3287 3245 3245 3288 3288 3289 3289 3287 3287 3287 3287 3289 3289 3245 3245 3247 3247 3290 3290 3239 3239 3239 3239 3290 3290 3291 3291 3239 3239 3291 3291 3292 3292 3293 3293 3294 3294 3290 3290 3290 3290 3294 3294 3291 3291 3295 3295 3296 3296 3292 3292 3292 3292 3296 3296 3297 3297 3292 3292 3297 3297 3239 3239 3239 3239 3297 3297 3298 3298 3239 3239 3298 3298 3299 3299 3299 3299 3298 3298 3300 3300 3300 3300 3298 3298 3301 3301 3299 3299 3302 3302 3239 3239 3239 3239 3302 3302 3303 3303 3239 3239 3303 3303 3304 3304 3305 3305 3306 3306 3302 3302 3302 3302 3306 3306 3303 3303 3307 3307 3308 3308 3304 3304 3304 3304 3308 3308 3309 3309 3304 3304 3309 3309 3239 3239 3239 3239 3309 3309 3310 3310 3239 3239 3310 3310 3311 3311 3311 3311 3310 3310 3312 3312 3312 3312 3310 3310 3313 3313 3311 3311 3241 3241 3239 3239 3314 3314 3315 3315 3316 3316 3316 3316 3315 3315 3317 3317 3316 3316 3317 3317 3318 3318 3318 3318 3317 3317 3319 3319 3318 3318 3319 3319 3320 3320 3320 3320 3319 3319 3321 3321 3320 3320 3321 3321 3322 3322 3323 3323 3324 3324 3314 3314 3314 3314 3324 3324 3325 3325 3314 3314 3325 3325 3315 3315 3315 3315 3325 3325 3326 3326 3315 3315 3326 3326 3327 3327 3323 3323 3328 3328 3324 3324 3324 3324 3329 3329 3325 3325 3325 3325 3329 3329 3330 3330 3325 3325 3330 3330 3331 3331 3329 3329 3332 3332 3330 3330 3330 3330 3332 3332 3333 3333 3325 3325 3331 3331 3334 3334 3334 3334 3331 3331 3335 3335 3334 3334 3335 3335 3336 3336 3334 3334 3337 3337 3325 3325 3325 3325 3337 3337 3338 3338 3325 3325 3338 3338 3339 3339 3337 3337 3340 3340 3338 3338 3338 3338 3340 3340 3341 3341 3325 3325 3339 3339 3342 3342 3342 3342 3339 3339 3343 3343 3342 3342 3343 3343 3344 3344 3342 3342 3345 3345 3325 3325 3325 3325 3345 3345 3346 3346 3325 3325 3346 3346 3347 3347 3345 3345 3348 3348 3346 3346 3346 3346 3348 3348 3349 3349 3325 3325 3347 3347 3350 3350 3350 3350 3347 3347 3351 3351 3350 3350 3351 3351 3352 3352 3350 3350 3353 3353 3325 3325 3325 3325 3353 3353 3354 3354 3325 3325 3354 3354 3355 3355 3353 3353 3356 3356 3354 3354 3354 3354 3356 3356 3357 3357 3358 3358 3359 3359 3355 3355 3355 3355 3359 3359 3360 3360 3355 3355 3360 3360 3325 3325 3358 3358 3361 3361 3359 3359 3359 3359 3362 3362 3360 3360 3360 3360 3362 3362 3363 3363 3360 3360 3363 3363 3364 3364 3362 3362 3365 3365 3363 3363 3363 3363 3365 3365 3366 3366 3360 3360 3364 3364 3367 3367 3367 3367 3364 3364 3368 3368 3367 3367 3368 3368 3369 3369 3367 3367 3370 3370 3360 3360 3360 3360 3370 3370 3371 3371 3360 3360 3371 3371 3372 3372 3370 3370 3373 3373 3371 3371 3371 3371 3373 3373 3374 3374 3360 3360 3372 3372 3375 3375 3375 3375 3372 3372 3376 3376 3375 3375 3376 3376 3377 3377 3375 3375 3378 3378 3360 3360 3360 3360 3378 3378 3379 3379 3360 3360 3379 3379 3380 3380 3378 3378 3381 3381 3379 3379 3379 3379 3381 3381 3382 3382 3360 3360 3380 3380 3383 3383 3383 3383 3380 3380 3384 3384 3383 3383 3384 3384 3385 3385 3383 3383 3386 3386 3360 3360 3360 3360 3386 3386 3387 3387 3360 3360 3387 3387 3388 3388 3386 3386 3389 3389 3387 3387 3387 3387 3389 3389 3390 3390 3391 3391 3392 3392 3388 3388 3388 3388 3392 3392 3393 3393 3388 3388 3393 3393 3360 3360 3360 3360 3393 3393 3394 3394 3394 3394 3393 3393 3395 3395 3391 3391 3396 3396 3392 3392 3392 3392 3397 3397 3393 3393 3393 3393 3397 3397 3398 3398 3393 3393 3398 3398 3399 3399 3397 3397 3400 3400 3398 3398 3398 3398 3400 3400 3401 3401 3393 3393 3399 3399 3402 3402 3402 3402 3399 3399 3403 3403 3402 3402 3403 3403 3404 3404 3402 3402 3405 3405 3393 3393 3393 3393 3405 3405 3406 3406 3393 3393 3406 3406 3407 3407 3405 3405 3408 3408 3406 3406 3406 3406 3408 3408 3409 3409 3393 3393 3407 3407 3410 3410 3410 3410 3407 3407 3411 3411 3410 3410 3411 3411 3412 3412 3410 3410 3413 3413 3393 3393 3393 3393 3413 3413 3414 3414 3393 3393 3414 3414 3415 3415 3413 3413 3416 3416 3414 3414 3414 3414 3416 3416 3417 3417 3393 3393 3415 3415 3418 3418 3418 3418 3415 3415 3419 3419 3418 3418 3419 3419 3420 3420 3418 3418 3421 3421 3393 3393 3393 3393 3421 3421 3422 3422 3393 3393 3422 3422 3423 3423 3421 3421 3424 3424 3422 3422 3422 3422 3424 3424 3425 3425 3393 3393 3423 3423 3426 3426 3426 3426 3423 3423 3427 3427 3426 3426 3427 3427 3428 3428 3426 3426 3429 3429 3393 3393 3393 3393 3429 3429 3430 3430 3393 3393 3430 3430 3431 3431 3429 3429 3432 3432 3430 3430 3430 3430 3432 3432 3433 3433 3393 3393 3431 3431 3434 3434 3434 3434 3431 3431 3435 3435 3434 3434 3435 3435 3436 3436 3434 3434 3437 3437 3393 3393 3393 3393 3437 3437 3438 3438 3438 3438 3437 3437 3439 3439 3438 3438 3439 3439 3440 3440 3437 3437 3441 3441 3439 3439 3439 3439 3441 3441 3442 3442 3438 3438 3440 3440 3443 3443 3443 3443 3440 3440 3444 3444 3443 3443 3444 3444 3445 3445 3443 3443 3446 3446 3438 3438 3438 3438 3446 3446 3447 3447 3438 3438 3447 3447 3448 3448 3446 3446 3449 3449 3447 3447 3447 3447 3449 3449 3450 3450 3438 3438 3448 3448 3451 3451 3451 3451 3448 3448 3452 3452 3451 3451 3452 3452 3453 3453 3451 3451 3454 3454 3438 3438 3438 3438 3454 3454 3455 3455 3438 3438 3455 3455 3456 3456 3454 3454 3457 3457 3455 3455 3455 3455 3457 3457 3458 3458 3438 3438 3456 3456 3459 3459 3459 3459 3456 3456 3460 3460 3459 3459 3460 3460 3461 3461 3459 3459 3462 3462 3438 3438 3438 3438 3462 3462 3463 3463 3438 3438 3463 3463 3464 3464 3462 3462 3465 3465 3463 3463 3463 3463 3465 3465 3466 3466 3438 3438 3464 3464 3467 3467 3467 3467 3464 3464 3468 3468 3467 3467 3468 3468 3469 3469 3467 3467 3470 3470 3438 3438 3438 3438 3470 3470 3471 3471 3438 3438 3471 3471 3472 3472 3470 3470 3473 3473 3471 3471 3471 3471 3473 3473 3474 3474 3438 3438 3472 3472 3475 3475 3475 3475 3472 3472 3476 3476 3475 3475 3476 3476 3477 3477 3475 3475 3478 3478 3438 3438 3438 3438 3478 3478 3479 3479 3438 3438 3479 3479 3480 3480 3478 3478 3481 3481 3479 3479 3479 3479 3481 3481 3482 3482 3480 3480 3483 3483 3438 3438 3438 3438 3483 3483 3484 3484 3438 3438 3484 3484 3485 3485 3485 3485 3484 3484 3486 3486 3487 3487 3488 3488 3483 3483 3483 3483 3488 3488 3484 3484 3317 3317 3489 3489 3319 3319 3319 3319 3489 3489 3490 3490 3491 3491 3492 3492 3319 3319 3319 3319 3492 3492 3493 3493 3319 3319 3493 3493 3321 3321 3494 3494 3495 3495 3491 3491 3491 3491 3495 3495 3496 3496 3491 3491 3496 3496 3497 3497 3498 3498 3499 3499 3495 3495 3495 3495 3499 3499 3500 3500 3495 3495 3500 3500 3501 3501 3501 3501 3500 3500 3502 3502 3502 3502 3500 3500 3503 3503 3504 3504 3505 3505 3498 3498 3498 3498 3505 3505 3506 3506 3498 3498 3506 3506 3507 3507 3508 3508 3509 3509 3505 3505 3505 3505 3509 3509 3510 3510 3505 3505 3510 3510 3511 3511 3511 3511 3510 3510 3512 3512 3511 3511 3512 3512 3513 3513 3514 3514 3515 3515 3508 3508 3508 3508 3515 3515 3516 3516 3508 3508 3516 3516 3517 3517 3514 3514 3518 3518 3515 3515 3519 3519 3520 3520 3515 3515 3515 3515 3520 3520 3521 3521 3515 3515 3521 3521 3522 3522 3522 3522 3521 3521 3523 3523 3522 3522 3523 3523 3524 3524 3525 3525 3526 3526 3519 3519 3519 3519 3526 3526 3527 3527 3519 3519 3527 3527 3528 3528 3526 3526 3525 3525 3529 3529 3529 3529 3525 3525 3530 3530 3529 3529 3530 3530 3531 3531 3532 3532 3533 3533 3526 3526 3526 3526 3533 3533 3527 3527 3528 3528 3534 3534 3519 3519 3519 3519 3534 3534 3535 3535 3519 3519 3535 3535 3536 3536 3534 3534 3537 3537 3535 3535 3535 3535 3537 3537 3538 3538 3519 3519 3536 3536 3539 3539 3539 3539 3536 3536 3540 3540 3539 3539 3540 3540 3541 3541 3539 3539 3542 3542 3519 3519 3519 3519 3542 3542 3543 3543 3519 3519 3543 3543 3544 3544 3542 3542 3545 3545 3543 3543 3543 3543 3545 3545 3546 3546 3519 3519 3544 3544 3547 3547 3547 3547 3544 3544 3548 3548 3547 3547 3548 3548 3549 3549 3547 3547 3550 3550 3519 3519 3519 3519 3550 3550 3551 3551 3519 3519 3551 3551 3552 3552 3550 3550 3553 3553 3551 3551 3551 3551 3553 3553 3554 3554 3519 3519 3552 3552 3555 3555 3555 3555 3552 3552 3556 3556 3555 3555 3556 3556 3557 3557 3555 3555 3558 3558 3519 3519 3519 3519 3558 3558 3559 3559 3519 3519 3559 3559 3560 3560 3558 3558 3561 3561 3559 3559 3559 3559 3561 3561 3562 3562 3519 3519 3560 3560 3563 3563 3563 3563 3560 3560 3564 3564 3563 3563 3564 3564 3565 3565 3563 3563 3566 3566 3519 3519 3519 3519 3566 3566 3567 3567 3519 3519 3567 3567 3568 3568 3566 3566 3569 3569 3567 3567 3567 3567 3569 3569 3570 3570 3519 3519 3568 3568 3571 3571 3571 3571 3568 3568 3572 3572 3571 3571 3572 3572 3573 3573 3571 3571 3574 3574 3519 3519 3519 3519 3574 3574 3520 3520 3574 3574 3575 3575 3520 3520 3520 3520 3575 3575 3576 3576 3522 3522 3577 3577 3515 3515 3515 3515 3577 3577 3578 3578 3515 3515 3578 3578 3579 3579 3577 3577 3580 3580 3578 3578 3578 3578 3580 3580 3581 3581 3515 3515 3579 3579 3582 3582 3582 3582 3579 3579 3583 3583 3582 3582 3583 3583 3584 3584 3582 3582 3585 3585 3515 3515 3515 3515 3585 3585 3586 3586 3515 3515 3586 3586 3587 3587 3585 3585 3588 3588 3586 3586 3586 3586 3588 3588 3589 3589 3515 3515 3587 3587 3590 3590 3590 3590 3587 3587 3591 3591 3590 3590 3591 3591 3592 3592 3590 3590 3593 3593 3515 3515 3515 3515 3593 3593 3594 3594 3515 3515 3594 3594 3595 3595 3593 3593 3596 3596 3594 3594 3594 3594 3596 3596 3597 3597 3515 3515 3595 3595 3598 3598 3598 3598 3595 3595 3599 3599 3598 3598 3599 3599 3600 3600 3598 3598 3601 3601 3515 3515 3515 3515 3601 3601 3602 3602 3515 3515 3602 3602 3603 3603 3601 3601 3604 3604 3602 3602 3602 3602 3604 3604 3605 3605 3515 3515 3603 3603 3606 3606 3606 3606 3603 3603 3607 3607 3606 3606 3607 3607 3608 3608 3606 3606 3609 3609 3515 3515 3515 3515 3609 3609 3610 3610 3515 3515 3610 3610 3611 3611 3609 3609 3612 3612 3610 3610 3610 3610 3612 3612 3613 3613 3515 3515 3611 3611 3516 3516 3516 3516 3611 3611 3614 3614 3516 3516 3614 3614 3615 3615 3508 3508 3517 3517 3616 3616 3616 3616 3517 3517 3617 3617 3616 3616 3617 3617 3618 3618 3616 3616 3619 3619 3508 3508 3508 3508 3619 3619 3620 3620 3508 3508 3620 3620 3621 3621 3619 3619 3622 3622 3620 3620 3620 3620 3622 3622 3623 3623 3508 3508 3621 3621 3624 3624 3624 3624 3621 3621 3625 3625 3624 3624 3625 3625 3626 3626 3624 3624 3627 3627 3508 3508 3508 3508 3627 3627 3628 3628 3508 3508 3628 3628 3629 3629 3627 3627 3630 3630 3628 3628 3628 3628 3630 3630 3631 3631 3508 3508 3629 3629 3632 3632 3632 3632 3629 3629 3633 3633 3632 3632 3633 3633 3634 3634 3632 3632 3635 3635 3508 3508 3508 3508 3635 3635 3636 3636 3508 3508 3636 3636 3637 3637 3635 3635 3638 3638 3636 3636 3636 3636 3638 3638 3639 3639 3508 3508 3637 3637 3640 3640 3640 3640 3637 3637 3641 3641 3640 3640 3641 3641 3642 3642 3640 3640 3643 3643 3508 3508 3508 3508 3643 3643 3644 3644 3508 3508 3644 3644 3645 3645 3643 3643 3646 3646 3644 3644 3644 3644 3646 3646 3647 3647 3508 3508 3645 3645 3648 3648 3648 3648 3645 3645 3649 3649 3648 3648 3649 3649 3650 3650 3648 3648 3651 3651 3508 3508 3508 3508 3651 3651 3509 3509 3651 3651 3652 3652 3509 3509 3509 3509 3652 3652 3653 3653 3511 3511 3654 3654 3505 3505 3505 3505 3654 3654 3655 3655 3505 3505 3655 3655 3656 3656 3654 3654 3657 3657 3655 3655 3655 3655 3657 3657 3658 3658 3505 3505 3656 3656 3659 3659 3659 3659 3656 3656 3660 3660 3659 3659 3660 3660 3661 3661 3659 3659 3662 3662 3505 3505 3505 3505 3662 3662 3663 3663 3505 3505 3663 3663 3664 3664 3662 3662 3665 3665 3663 3663 3663 3663 3665 3665 3666 3666 3505 3505 3664 3664 3667 3667 3667 3667 3664 3664 3668 3668 3667 3667 3668 3668 3669 3669 3667 3667 3670 3670 3505 3505 3505 3505 3670 3670 3671 3671 3505 3505 3671 3671 3672 3672 3670 3670 3673 3673 3671 3671 3671 3671 3673 3673 3674 3674 3505 3505 3672 3672 3675 3675 3675 3675 3672 3672 3676 3676 3675 3675 3676 3676 3677 3677 3675 3675 3678 3678 3505 3505 3505 3505 3678 3678 3679 3679 3505 3505 3679 3679 3680 3680 3678 3678 3681 3681 3679 3679 3679 3679 3681 3681 3682 3682 3505 3505 3680 3680 3683 3683 3683 3683 3680 3680 3684 3684 3683 3683 3684 3684 3685 3685 3683 3683 3686 3686 3505 3505 3505 3505 3686 3686 3687 3687 3505 3505 3687 3687 3688 3688 3686 3686 3689 3689 3687 3687 3687 3687 3689 3689 3690 3690 3691 3691 3692 3692 3688 3688 3688 3688 3692 3692 3506 3506 3688 3688 3506 3506 3505 3505 3691 3691 3693 3693 3692 3692 3694 3694 3695 3695 3692 3692 3692 3692 3695 3695 3506 3506 3696 3696 3697 3697 3695 3695 3695 3695 3697 3697 3506 3506 3698 3698 3699 3699 3507 3507 3507 3507 3699 3699 3700 3700 3507 3507 3700 3700 3498 3498 3498 3498 3700 3700 3701 3701 3498 3498 3701 3701 3702 3702 3702 3702 3701 3701 3703 3703 3703 3703 3701 3701 3704 3704 3702 3702 3705 3705 3498 3498 3498 3498 3705 3705 3706 3706 3498 3498 3706 3706 3707 3707 3708 3708 3709 3709 3705 3705 3705 3705 3709 3709 3706 3706 3710 3710 3711 3711 3707 3707 3707 3707 3711 3711 3712 3712 3707 3707 3712 3712 3498 3498 3498 3498 3712 3712 3713 3713 3498 3498 3713 3713 3714 3714 3714 3714 3713 3713 3715 3715 3715 3715 3713 3713 3716 3716 3714 3714 3717 3717 3498 3498 3498 3498 3717 3717 3718 3718 3498 3498 3718 3718 3719 3719 3720 3720 3721 3721 3717 3717 3717 3717 3721 3721 3718 3718 3722 3722 3723 3723 3719 3719 3719 3719 3723 3723 3724 3724 3719 3719 3724 3724 3498 3498 3498 3498 3724 3724 3725 3725 3498 3498 3725 3725 3726 3726 3726 3726 3725 3725 3727 3727 3727 3727 3725 3725 3728 3728 3726 3726 3729 3729 3498 3498 3498 3498 3729 3729 3730 3730 3498 3498 3730 3730 3731 3731 3732 3732 3733 3733 3729 3729 3729 3729 3733 3733 3730 3730 3734 3734 3735 3735 3731 3731 3731 3731 3735 3735 3499 3499 3731 3731 3499 3499 3498 3498 3501 3501 3736 3736 3495 3495 3495 3495 3736 3736 3737 3737 3495 3495 3737 3737 3738 3738 3739 3739 3740 3740 3736 3736 3736 3736 3740 3740 3737 3737 3741 3741 3742 3742 3738 3738 3738 3738 3742 3742 3743 3743 3738 3738 3743 3743 3495 3495 3495 3495 3743 3743 3744 3744 3495 3495 3744 3744 3745 3745 3745 3745 3744 3744 3746 3746 3746 3746 3744 3744 3747 3747 3745 3745 3748 3748 3495 3495 3495 3495 3748 3748 3749 3749 3495 3495 3749 3749 3750 3750 3751 3751 3752 3752 3748 3748 3748 3748 3752 3752 3749 3749 3753 3753 3754 3754 3750 3750 3750 3750 3754 3754 3755 3755 3750 3750 3755 3755 3495 3495 3495 3495 3755 3755 3756 3756 3495 3495 3756 3756 3757 3757 3757 3757 3756 3756 3758 3758 3758 3758 3756 3756 3759 3759 3757 3757 3760 3760 3495 3495 3495 3495 3760 3760 3761 3761 3495 3495 3761 3761 3762 3762 3763 3763 3764 3764 3760 3760 3760 3760 3764 3764 3761 3761 3765 3765 3766 3766 3762 3762 3762 3762 3766 3766 3767 3767 3762 3762 3767 3767 3495 3495 3495 3495 3767 3767 3768 3768 3495 3495 3768 3768 3496 3496 3496 3496 3768 3768 3769 3769 3769 3769 3768 3768 3770 3770 3771 3771 3772 3772 3497 3497 3497 3497 3772 3772 3773 3773 3497 3497 3773 3773 3774 3774 3774 3774 3773 3773 3775 3775 3497 3497 3774 3774 3776 3776 3776 3776 3774 3774 3777 3777 3776 3776 3777 3777 3778 3778 3497 3497 3776 3776 3491 3491 3491 3491 3776 3776 3779 3779 3491 3491 3779 3779 3780 3780 3780 3780 3779 3779 3781 3781 3780 3780 3781 3781 3782 3782 3780 3780 3783 3783 3491 3491 3491 3491 3783 3783 3784 3784 3491 3491 3784 3784 3492 3492 3783 3783 3785 3785 3784 3784 3784 3784 3785 3785 3786 3786 3492 3492 3787 3787 3493 3493 3493 3493 3787 3787 3788 3788 3322 3322 3789 3789 3320 3320 3318 3318 3790 3790 3316 3316 3316 3316 3790 3790 3791 3791 </p>
				</triangles>
			</mesh>
		</geometry>
		<geometry id="ID11" name="geo_2">
			<mesh>
				<source id="geo_2-Position">
					<float_array count="990" id="geo_2-Position-array">-2880 1900 -1143 -2880 1900 -1010 -3000 1900 -1143 -3000 1900 -1010 -2860 1900 -1250 -100 1900 -1250 -2860 1900 -990 -100 1900 -370 -3700 1900 -370 -3020 1900 -990 -3700 1900 -1250 -3020 1900 -1250 -3000 1900 -1157 -3000 1900 -1250 -2880 1900 -1157 -2880 1900 -1250 -2860 2000 -1250 -2860 2000 -990 -2746.03 2000 -1250 -2746.03 2000 1248.93 -2926.7 2000 1248.93 -2926.7 2000 -990 -2895.3 2000 -1138.29 -2880 2000 -1010 -2895 2000 -1140 -2880 2000 -1250 -2895.3 2000 -1141.71 -2896.17 2000 -1143.21 -2897.5 2000 -1144.33 -2899.13 2000 -1144.92 -2900.87 2000 -1144.92 -2902.5 2000 -1144.33 -2903.83 2000 -1143.21 -3000 2000 -1250 -2904.7 2000 -1141.71 -2905 2000 -1140 -3000 2000 -1010 -2904.7 2000 -1138.29 -2903.83 2000 -1136.79 -2902.5 2000 -1135.67 -2900.87 2000 -1135.08 -2899.13 2000 -1135.08 -2897.5 2000 -1135.67 -2896.17 2000 -1136.79 -3020 2000 -1250 -3112.37 2000 -1250 -3020 2000 -990 -3112.37 2000 1248.93 -2931.7 2000 1248.93 -2931.7 2000 -990 224.708 2000 1248.93 224.708 2000 -1250 44.0376 2000 1248.93 44.0376 2000 -1250 229.708 2000 -1250 229.708 2000 1248.93 285 2000 -595 410.379 2000 1248.93 410.379 2000 -595 285 2000 -1025 410.379 2000 -1250 410.379 2000 -1025 596.05 2000 1248.93 596.05 2000 -595 415.379 2000 1248.93 415.379 2000 -595 781.721 2000 1248.93 781.721 2000 -595 601.05 2000 1248.93 601.05 2000 -595 967.392 2000 1248.93 967.392 2000 -595 786.721 2000 1248.93 786.721 2000 -595 972.392 2000 -595 972.392 2000 1248.93 1015 2000 -595 1153.06 2000 1248.93 1153.06 2000 -1250 1015 2000 -1025 972.392 2000 -1250 972.392 2000 -1025 1158.06 2000 -1250 1158.06 2000 1248.93 1185 2000 -595 1338.73 2000 1248.93 1338.73 2000 -595 1185 2000 -1025 1338.73 2000 -1250 1338.73 2000 -1025 1524.4 2000 1248.93 1524.4 2000 -595 1343.73 2000 1248.93 1343.73 2000 -595 1710.08 2000 1248.93 1710.08 2000 -595 1529.4 2000 1248.93 1529.4 2000 -595 1895.75 2000 1248.93 1895.75 2000 -595 1715.08 2000 1248.93 1715.08 2000 -595 1900.75 2000 -595 1900.75 2000 1248.93 1915 2000 -595 2081.42 2000 1248.93 2081.42 2000 -1250 1915 2000 -1025 1900.75 2000 -1250 1900.75 2000 -1025 2267.09 2000 1248.93 2267.09 2000 -595 2086.42 2000 1248.93 2086.42 2000 -595 2452.76 2000 1248.93 2452.76 2000 -595 2272.09 2000 1248.93 2272.09 2000 -595 2638.43 2000 1248.93 2638.43 2000 -595 2457.76 2000 1248.93 2457.76 2000 -595 2643.43 2000 -595 2643.43 2000 1248.93 2815 2000 -595 2824.1 2000 1248.93 2824.1 2000 -1250 2815 2000 -1025 2643.43 2000 -1250 2643.43 2000 -1025 2829.1 2000 -1250 2829.1 2000 1248.93 2985 2000 -595 3009.77 2000 1248.93 3009.77 2000 -595 2985 2000 -1025 3009.77 2000 -1250 3009.77 2000 -1025 3195.44 2000 1248.93 3195.44 2000 -595 3014.77 2000 1248.93 3014.77 2000 -595 3381.11 2000 1248.93 3381.11 2000 -595 3200.44 2000 1248.93 3200.44 2000 -595 3566.78 2000 1248.93 3566.78 2000 -595 3386.11 2000 1248.93 3386.11 2000 -595 3571.78 2000 -595 3571.78 2000 1248.93 3715 2000 -595 3752.46 2000 1248.93 3752.46 2000 -1250 3715 2000 -1025 3571.78 2000 -1250 3571.78 2000 -1025 3938.13 2000 1248.93 3938.13 2000 -1250 3757.46 2000 1248.93 3757.46 2000 -1250 4000 2000 1248.93 4000 2000 -1250 3943.13 2000 1248.93 3943.13 2000 -1250 967.392 2000 -1025 967.392 2000 -1250 786.721 2000 -1025 786.721 2000 -1250 781.721 2000 -1025 781.721 2000 -1250 601.05 2000 -1025 601.05 2000 -1250 596.05 2000 -1025 596.05 2000 -1250 415.379 2000 -1025 415.379 2000 -1250 2985 1900 -595 2815 1900 -1025 2985 1900 -1025 3900 1900 -1250 3715 1900 -1025 3900 1900 -370 3715 1900 -595 2815 1900 -595 2085 1900 -595 1915 1900 -1025 2085 1900 -1025 100 1900 -1250 100 1900 -370 1915 1900 -595 1185 1900 -595 1015 1900 -595 1015 1900 -1025 285 1900 -595 285 1900 -1025 1185 1900 -1025 3566.78 2000 -1025 3566.78 2000 -1250 3386.11 2000 -1025 3386.11 2000 -1250 3381.11 2000 -1025 3381.11 2000 -1250 3200.44 2000 -1025 3200.44 2000 -1250 3195.44 2000 -1025 3195.44 2000 -1250 3014.77 2000 -1025 3014.77 2000 -1250 1895.75 2000 -1025 1895.75 2000 -1250 1715.08 2000 -1025 1715.08 2000 -1250 1710.08 2000 -1025 1710.08 2000 -1250 1529.4 2000 -1025 1529.4 2000 -1250 1524.4 2000 -1025 1524.4 2000 -1250 1343.73 2000 -1025 1343.73 2000 -1250 2638.43 2000 -1025 2638.43 2000 -1250 2457.76 2000 -1025 2457.76 2000 -1250 2452.76 2000 -1025 2452.76 2000 -1250 2272.09 2000 -1025 2272.09 2000 -1250 2267.09 2000 -1025 2267.09 2000 -1250 2086.42 2000 -1025 2086.42 2000 -1250 -3860.05 2000 1248.93 -3860.05 2000 -1250 -4000 2000 1248.93 -4000 2000 -1250 -3674.38 2000 1248.93 -3674.38 2000 -1250 -3855.05 2000 1248.93 -3855.05 2000 -1250 -3488.71 2000 1248.93 -3488.71 2000 -1250 -3669.38 2000 1248.93 -3669.38 2000 -1250 -3303.04 2000 1248.93 -3303.04 2000 -1250 -3483.71 2000 1248.93 -3483.71 2000 -1250 -3117.37 2000 1248.93 -3117.37 2000 -1250 -3298.04 2000 1248.93 -3298.04 2000 -1250 -2560.35 2000 1248.93 -2560.35 2000 -1250 -2741.03 2000 1248.93 -2741.03 2000 -1250 -2374.68 2000 1248.93 -2374.68 2000 -1250 -2555.35 2000 1248.93 -2555.35 2000 -1250 -2189.01 2000 1248.93 -2189.01 2000 -1250 -2369.68 2000 1248.93 -2369.68 2000 -1250 -2003.34 2000 1248.93 -2003.34 2000 -1250 -2184.01 2000 1248.93 -2184.01 2000 -1250 -1817.67 2000 1248.93 -1817.67 2000 -1250 -1998.34 2000 1248.93 -1998.34 2000 -1250 -1632 2000 1248.93 -1632 2000 -1250 -1812.67 2000 1248.93 -1812.67 2000 -1250 -1446.33 2000 1248.93 -1446.33 2000 -1250 -1627 2000 1248.93 -1627 2000 -1250 -1260.66 2000 1248.93 -1260.66 2000 -1250 -1441.33 2000 1248.93 -1441.33 2000 -1250 -1074.99 2000 1248.93 -1074.99 2000 -1250 -1255.66 2000 1248.93 -1255.66 2000 -1250 -889.317 2000 1248.93 -889.317 2000 -1250 -1069.99 2000 1248.93 -1069.99 2000 -1250 -703.646 2000 1248.93 -703.646 2000 -1250 -884.317 2000 1248.93 -884.317 2000 -1250 -517.975 2000 1248.93 -517.975 2000 -1250 -698.646 2000 1248.93 -698.646 2000 -1250 -332.304 2000 1248.93 -332.304 2000 -1250 -512.975 2000 1248.93 -512.975 2000 -1250 -146.633 2000 1248.93 -146.633 2000 -1250 -327.304 2000 1248.93 -327.304 2000 -1250 39.0376 2000 1248.93 39.0376 2000 -1250 -141.633 2000 1248.93 -141.633 2000 -1250 -3700 1900 1173.79 -3700 1900 420 -100 1900 1173.79 -100 1900 420 -3700 1900 350 -3700 1900 -300 -100 1900 350 -100 1900 -300 100 1900 1173.79 100 1900 420 3900 1900 1173.79 3900 1900 420 100 1900 350 100 1900 -300 3900 1900 350 3900 1900 -300 </float_array>
					<technique_common>
						<accessor count="330" source="#geo_2-Position-array" stride="3">
							<param name="X" type="float"/>
							<param name="Y" type="float"/>
							<param name="Z" type="float"/>
						</accessor>
					</technique_common>
				</source>
				<source id="geo_2-Normals">
					<float_array count="990" id="geo_2-Normals-array">0 -1 0 0 -1 0 0 -1 0 0 -1 0 0 -1 0 0 -1 0 0 -1 0 0 -1 0 0 -1 0 0 -1 0 0 -1 0 0 -1 0 0 -1 0 0 -1 0 0 -1 0 0 -1 0 0 1 0 0 1 0 0 1 0 0 1 0 0 1 0 0 1 0 0 1 0 0 1 0 0 1 0 0 1 0 0 1 0 0 1 0 0 1 0 0 1 0 0 1 0 0 1 0 0 1 0 0 1 0 0 1 0 0 1 0 0 1 0 0 1 0 0 1 0 0 1 0 0 1 0 0 1 0 0 1 0 0 1 0 0 1 0 0 1 0 0 1 0 0 1 0 0 1 0 0 1 0 0 1 0 0 1 0 0 1 0 0 1 0 0 1 0 0 1 0 0 1 0 0 1 0 0 1 0 0 1 0 0 1 0 0 1 0 0 1 0 0 1 0 0 1 0 0 1 0 0 1 0 0 1 0 0 1 0 0 1 0 0 1 0 0 1 0 0 1 0 0 1 0 0 1 0 0 1 0 0 1 0 0 1 0 0 1 0 0 1 0 0 1 0 0 1 0 0 1 0 0 1 0 0 1 0 0 1 0 0 1 0 0 1 0 0 1 0 0 1 0 0 1 0 0 1 0 0 1 0 0 1 0 0 1 0 0 1 0 0 1 0 0 1 0 0 1 0 0 1 0 0 1 0 0 1 0 0 1 0 0 1 0 0 1 0 0 1 0 0 1 0 0 1 0 0 1 0 0 1 0 0 1 0 0 1 0 0 1 0 0 1 0 0 1 0 0 1 0 0 1 0 0 1 0 0 1 0 0 1 0 0 1 0 0 1 0 0 1 0 0 1 0 0 1 0 0 1 0 0 1 0 0 1 0 0 1 0 0 1 0 0 1 0 0 1 0 0 1 0 0 1 0 0 1 0 0 1 0 0 1 0 0 1 0 0 1 0 0 1 0 0 1 0 0 1 0 0 1 0 0 1 0 0 1 0 0 1 0 0 1 0 0 1 0 0 1 0 0 1 0 0 1 0 0 1 0 0 1 0 0 1 0 0 1 0 0 1 0 0 1 0 0 1 0 0 1 0 0 1 0 0 1 0 0 1 0 0 1 0 0 1 0 0 1 0 0 1 0 0 1 0 0 1 0 0 1 0 0 1 0 0 1 0 0 1 0 0 1 0 0 1 0 0 1 0 0 1 0 0 1 0 0 1 0 0 -1 0 0 -1 0 0 -1 0 0 -1 0 0 -1 0 0 -1 0 0 -1 0 0 -1 0 0 -1 0 0 -1 0 0 -1 0 0 -1 0 0 -1 0 0 -1 0 0 -1 0 0 -1 0 0 -1 0 0 -1 0 0 -1 0 0 -1 0 0 1 0 0 1 0 0 1 0 0 1 0 0 1 0 0 1 0 0 1 0 0 1 0 0 1 0 0 1 0 0 1 0 0 1 0 0 1 0 0 1 0 0 1 0 0 1 0 0 1 0 0 1 0 0 1 0 0 1 0 0 1 0 0 1 0 0 1 0 0 1 0 0 1 0 0 1 0 0 1 0 0 1 0 0 1 0 0 1 0 0 1 0 0 1 0 0 1 0 0 1 0 0 1 0 0 1 0 0 1 0 0 1 0 0 1 0 0 1 0 0 1 0 0 1 0 0 1 0 0 1 0 0 1 0 0 1 0 0 1 0 0 1 0 0 1 0 0 1 0 0 1 0 0 1 0 0 1 0 0 1 0 0 1 0 0 1 0 0 1 0 0 1 0 0 1 0 0 1 0 0 1 0 0 1 0 0 1 0 0 1 0 0 1 0 0 1 0 0 1 0 0 1 0 0 1 0 0 1 0 0 1 0 0 1 0 0 1 0 0 1 0 0 1 0 0 1 0 0 1 0 0 1 0 0 1 0 0 1 0 0 1 0 0 1 0 0 1 0 0 1 0 0 1 0 0 1 0 0 1 0 0 1 0 0 1 0 0 1 0 0 1 0 0 1 0 0 1 0 0 1 0 0 1 0 0 1 0 0 1 0 0 1 0 0 1 0 0 1 0 0 1 0 0 1 0 0 1 0 0 1 0 0 1 0 0 1 0 0 1 0 0 1 0 0 1 0 0 1 0 0 1 0 0 1 0 0 1 0 0 1 0 0 1 0 0 1 0 0 -1 0 0 -1 0 0 -1 0 0 -1 0 0 -1 0 0 -1 0 0 -1 0 0 -1 0 0 -1 0 0 -1 0 0 -1 0 0 -1 0 0 -1 0 0 -1 0 0 -1 0 0 -1 0 </float_array>
					<technique_common>
						<accessor count="330" source="#geo_2-Normals-array" stride="3">
							<param name="X" type="float"/>
							<param name="Y" type="float"/>
							<param name="Z" type="float"/>
						</accessor>
					</technique_common>
				</source>
				<vertices id="geo_2-Vertex">
					<input semantic="POSITION" source="#geo_2-Position"/>
				</vertices>
				<triangles count="210" material="Revestimento_-_Bruto_(Branco)">
					<input offset="0" semantic="VERTEX" source="#geo_2-Vertex"/>
					<input offset="1" semantic="NORMAL"  source="#geo_2-Normals"/>
					<p>0 0 1 1 2 2 2 2 1 1 3 3 4 4 5 5 6 6 6 6 5 5 7 7 6 6 7 7 8 8 6 6 8 8 9 9 9 9 8 8 10 10 9 9 10 10 11 11 12 12 13 13 14 14 14 14 13 13 15 15 16 16 17 17 18 18 18 18 17 17 19 19 19 19 17 17 20 20 20 20 17 17 21 21 22 22 23 23 24 24 24 24 23 23 25 25 24 24 25 25 26 26 26 26 25 25 27 27 27 27 25 25 28 28 28 28 25 25 29 29 29 29 25 25 30 30 30 30 25 25 31 31 31 31 25 25 32 32 32 32 25 25 33 33 32 32 33 33 34 34 34 34 33 33 35 35 35 35 33 33 36 36 35 35 36 36 37 37 37 37 36 36 38 38 38 38 36 36 23 23 38 38 23 23 39 39 39 39 23 23 40 40 40 40 23 23 41 41 41 41 23 23 42 42 42 42 23 23 43 43 43 43 23 23 22 22 44 44 45 45 46 46 46 46 45 45 47 47 46 46 47 47 48 48 48 48 49 49 46 46 50 50 51 51 52 52 52 52 51 51 53 53 54 54 55 55 56 56 56 56 55 55 57 57 56 56 57 57 58 58 56 56 59 59 54 54 54 54 59 59 60 60 60 60 59 59 61 61 62 62 63 63 64 64 64 64 63 63 65 65 66 66 67 67 68 68 68 68 67 67 69 69 70 70 71 71 72 72 72 72 71 71 73 73 74 74 75 75 76 76 76 76 75 75 77 77 76 76 77 77 78 78 76 76 78 78 79 79 79 79 78 78 80 80 79 79 80 80 81 81 82 82 83 83 84 84 84 84 83 83 85 85 84 84 85 85 86 86 84 84 87 87 82 82 82 82 87 87 88 88 88 88 87 87 89 89 90 90 91 91 92 92 92 92 91 91 93 93 94 94 95 95 96 96 96 96 95 95 97 97 98 98 99 99 100 100 100 100 99 99 101 101 102 102 103 103 104 104 104 104 103 103 105 105 104 104 105 105 106 106 104 104 106 106 107 107 107 107 106 106 108 108 107 107 108 108 109 109 110 110 111 111 112 112 112 112 111 111 113 113 114 114 115 115 116 116 116 116 115 115 117 117 118 118 119 119 120 120 120 120 119 119 121 121 122 122 123 123 124 124 124 124 123 123 125 125 124 124 125 125 126 126 124 124 126 126 127 127 127 127 126 126 128 128 127 127 128 128 129 129 130 130 131 131 132 132 132 132 131 131 133 133 132 132 133 133 134 134 132 132 135 135 130 130 130 130 135 135 136 136 136 136 135 135 137 137 138 138 139 139 140 140 140 140 139 139 141 141 142 142 143 143 144 144 144 144 143 143 145 145 146 146 147 147 148 148 148 148 147 147 149 149 150 150 151 151 152 152 152 152 151 151 153 153 152 152 153 153 154 154 152 152 154 154 155 155 155 155 154 154 156 156 155 155 156 156 157 157 158 158 159 159 160 160 160 160 159 159 161 161 162 162 163 163 164 164 164 164 163 163 165 165 166 166 167 167 168 168 168 168 167 167 169 169 170 170 171 171 172 172 172 172 171 171 173 173 174 174 175 175 176 176 176 176 175 175 177 177 178 178 179 179 180 180 180 180 179 179 181 181 180 180 181 181 182 182 182 182 181 181 183 183 182 182 183 183 184 184 184 184 183 183 178 178 178 178 183 183 185 185 178 178 185 185 179 179 186 186 187 187 188 188 188 188 187 187 189 189 188 188 189 189 181 181 185 185 183 183 186 186 186 186 183 183 190 190 186 186 190 190 191 191 191 191 190 190 192 192 192 192 190 190 193 193 192 192 193 193 194 194 179 179 188 188 181 181 193 193 190 190 195 195 195 195 190 190 189 189 195 195 189 189 196 196 196 196 189 189 194 194 194 194 189 189 197 197 194 194 197 197 192 192 187 187 197 197 189 189 191 191 187 187 186 186 198 198 199 199 200 200 200 200 199 199 201 201 202 202 203 203 204 204 204 204 203 203 205 205 206 206 207 207 208 208 208 208 207 207 209 209 210 210 211 211 212 212 212 212 211 211 213 213 214 214 215 215 216 216 216 216 215 215 217 217 218 218 219 219 220 220 220 220 219 219 221 221 222 222 223 223 224 224 224 224 223 223 225 225 226 226 227 227 228 228 228 228 227 227 229 229 230 230 231 231 232 232 232 232 231 231 233 233 234 234 235 235 236 236 236 236 235 235 237 237 238 238 239 239 240 240 240 240 239 239 241 241 242 242 243 243 244 244 244 244 243 243 245 245 246 246 247 247 248 248 248 248 247 247 249 249 250 250 251 251 252 252 252 252 251 251 253 253 254 254 255 255 256 256 256 256 255 255 257 257 258 258 259 259 260 260 260 260 259 259 261 261 262 262 263 263 264 264 264 264 263 263 265 265 266 266 267 267 268 268 268 268 267 267 269 269 270 270 271 271 272 272 272 272 271 271 273 273 274 274 275 275 276 276 276 276 275 275 277 277 278 278 279 279 280 280 280 280 279 279 281 281 282 282 283 283 284 284 284 284 283 283 285 285 286 286 287 287 288 288 288 288 287 287 289 289 290 290 291 291 292 292 292 292 291 291 293 293 294 294 295 295 296 296 296 296 295 295 297 297 298 298 299 299 300 300 300 300 299 299 301 301 302 302 303 303 304 304 304 304 303 303 305 305 306 306 307 307 308 308 308 308 307 307 309 309 310 310 311 311 312 312 312 312 311 311 313 313 314 314 315 315 316 316 316 316 315 315 317 317 318 318 319 319 320 320 320 320 319 319 321 321 322 322 323 323 324 324 324 324 323 323 325 325 326 326 327 327 328 328 328 328 327 327 329 329 </p>
				</triangles>
			</mesh>
		</geometry>
		<geometry id="ID14" name="geo_3">
			<mesh>
				<source id="geo_3-Position">
					<float_array count="72" id="geo_3-Position-array">-3020 2000 -1250 -3020 2000 -990 -3020 2010 -1250 -3020 2010 -990 -3020 2010 -990 -2860 2010 -990 -2880 2010 -1010 -2860 2010 -1250 -2880 2010 -1250 -3000 2010 -1010 -3020 2010 -1250 -3000 2010 -1250 -2860 1900 -1250 -2860 1900 -990 -2860 1890 -1250 -2860 1890 -990 -2880 1890 -1250 -2860 1890 -1250 -2880 1890 -1010 -2860 1890 -990 -3020 1890 -990 -3000 1890 -1010 -3020 1890 -1250 -3000 1890 -1250 </float_array>
					<technique_common>
						<accessor count="24" source="#geo_3-Position-array" stride="3">
							<param name="X" type="float"/>
							<param name="Y" type="float"/>
							<param name="Z" type="float"/>
						</accessor>
					</technique_common>
				</source>
				<source id="geo_3-Normals">
					<float_array count="72" id="geo_3-Normals-array">-1 0 0 -1 0 0 -1 0 0 -1 0 0 0 1 0 0 1 0 0 1 0 0 1 0 0 1 0 0 1 0 0 1 0 0 1 0 1 0 0 1 0 0 1 0 0 1 0 0 0 -1 0 0 -1 0 0 -1 0 0 -1 0 0 -1 0 0 -1 0 0 -1 0 0 -1 0 </float_array>
					<technique_common>
						<accessor count="24" source="#geo_3-Normals-array" stride="3">
							<param name="X" type="float"/>
							<param name="Y" type="float"/>
							<param name="Z" type="float"/>
						</accessor>
					</technique_common>
				</source>
				<vertices id="geo_3-Vertex">
					<input semantic="POSITION" source="#geo_3-Position"/>
				</vertices>
				<triangles count="16" material="Bambu_escuro_-_Semibrilhante">
					<input offset="0" semantic="VERTEX" source="#geo_3-Vertex"/>
					<input offset="1" semantic="NORMAL"  source="#geo_3-Normals"/>
					<p>0 0 1 1 2 2 2 2 1 1 3 3 4 4 5 5 6 6 6 6 5 5 7 7 6 6 7 7 8 8 6 6 9 9 4 4 4 4 9 9 10 10 10 10 9 9 11 11 12 12 13 13 14 14 14 14 13 13 15 15 16 16 17 17 18 18 18 18 17 17 19 19 18 18 19 19 20 20 18 18 20 20 21 21 21 21 20 20 22 22 21 21 22 22 23 23 </p>
				</triangles>
			</mesh>
		</geometry>
		<geometry id="ID17" name="geo_4">
			<mesh>
				<source id="geo_4-Position">
					<float_array count="840" id="geo_4-Position-array">100 1699.03 1073.49 100 1700 500 100 1797.87 -1200 100 1700 -100 100 1750 -1250 100 1650.66 1034.93 100 0 1540.72 100 0 1488.86 100 -1650.66 1034.93 100 -1699.03 1073.49 100 -1700 500 100 -1797.87 -1200 100 -1700 -100 100 -1750 -1250 100 -1850 -1200 100 -1900 -1250 100 -1850 -420 100 -1900 -370 100 -1830 -370 100 -1780 -420 100 -1780 -250 100 -1830 -300 100 -1850 -250 100 -1900 -300 100 -1850 300 100 -1900 350 100 -1830 350 100 -1780 300 100 -1780 470 100 -1830 420 100 -1850 470 100 -1900 420 100 -1900 1173.79 100 -1850 1135.68 100 0 1696.29 100 0 1644.43 100 1850 1135.68 100 1900 1173.79 100 1850 470 100 1900 420 100 1830 420 100 1780 470 100 1780 300 100 1830 350 100 1850 300 100 1900 350 100 1850 -250 100 1900 -300 100 1830 -300 100 1780 -250 100 1780 -420 100 1830 -370 100 1850 -420 100 1900 -370 100 1850 -1200 100 1900 -1250 100 1673.91 500 100 -1673.91 500 100 -1673.91 500 0 -1673.91 500 100 -1650.66 1034.93 -100 -1650.66 1034.93 0 -1700 -100 -100 -1750 -1250 100 -1750 -1250 100 -1700 -100 -3750 0 1540.72 -3750 0 1644.43 -3750 -1699.03 1073.49 -3750 -1850 1135.68 -3750 -1850 470 -3750 1699.03 1073.49 -3750 1850 1135.68 -3750 1850 470 -3750 1780 470 -3750 1780 300 -3750 1780 -250 -3750 1850 300 -3750 1850 -250 -3750 1780 -420 -3750 1797.87 -1200 -3750 1850 -420 -3750 1850 -1200 -3750 -1780 470 -3750 -1780 300 -3750 -1780 -250 -3750 -1850 -250 -3750 -1850 300 -3750 -1780 -420 -3750 -1797.87 -1200 -3750 -1850 -420 -3750 -1850 -1200 -3900 0 1488.86 -3900 1650.66 1034.93 -3700 0 1488.86 -3700 1650.66 1034.93 -3900 -1650.66 1034.93 -3900 0 1488.86 -3700 -1650.66 1034.93 -3700 0 1488.86 -50 0 1540.72 -50 0 1644.43 -50 1699.03 1073.49 -50 1850 1135.68 -50 1850 470 -50 -1699.03 1073.49 -50 -1850 1135.68 -50 -1850 470 -50 -1780 470 -50 -1780 300 -50 -1780 -250 -50 -1850 300 -50 -1850 -250 -50 -1780 -420 -50 -1797.87 -1200 -50 -1850 -420 -50 -1850 -1200 -50 1780 470 -50 1780 300 -50 1780 -250 -50 1850 -250 -50 1850 300 -50 1780 -420 -50 1797.87 -1200 -50 1850 -420 -50 1850 -1200 50 -1699.03 1073.49 50 0 1540.72 50 0 1644.43 50 1699.03 1073.49 50 1850 1135.68 50 1850 470 50 1780 470 50 1780 300 50 1780 -250 50 1850 300 50 1850 -250 50 1780 -420 50 1797.87 -1200 50 1850 -420 50 1850 -1200 50 -1850 1135.68 50 -1850 470 50 -1780 470 50 -1780 300 50 -1780 -250 50 -1780 -420 50 -1850 300 50 -1850 -250 50 -1797.87 -1200 50 -1850 -420 50 -1850 -1200 100 1650.66 1034.93 100 0 1488.86 -100 1650.66 1034.93 -100 0 1488.86 100 0 1488.86 100 -1650.66 1034.93 -100 0 1488.86 -100 -1650.66 1034.93 100 1673.91 500 100 1650.66 1034.93 0 1673.91 500 -100 1650.66 1034.93 0 1700 -100 -100 1750 -1250 100 1750 -1250 100 1700 -100 -3900 1650.66 1034.93 -3900 1750 -1250 -3700 1650.66 1034.93 -3700 1750 -1250 -100 0 1540.72 -100 1699.03 1073.49 -100 1650.66 1034.93 -100 1797.87 -1200 -100 1750 -1250 -100 1850 -1200 -100 1900 -1250 -100 1850 -420 -100 1900 -370 -100 1830 -370 -100 1780 -420 -100 1780 -250 -100 1830 -300 -100 1850 -250 -100 1900 -300 -100 1850 300 -100 1900 350 -100 1830 350 -100 1780 300 -100 1780 470 -100 1830 420 -100 1850 470 -100 1900 420 -100 1900 1173.79 -100 1850 1135.68 -100 0 1696.29 -100 0 1644.43 -100 -1850 1135.68 -100 -1900 1173.79 -100 -1850 470 -100 -1900 420 -100 -1830 420 -100 -1780 470 -100 -1780 300 -100 -1830 350 -100 -1850 300 -100 -1900 350 -100 -1850 -250 -100 -1900 -300 -100 -1830 -300 -100 -1780 -250 -100 -1780 -420 -100 -1830 -370 -100 -1850 -420 -100 -1900 -370 -100 -1850 -1200 -100 -1900 -1250 -100 -1750 -1250 -100 -1797.87 -1200 -100 -1650.66 1034.93 -100 -1699.03 1073.49 -100 0 1488.86 -3700 -1650.66 1034.93 -3700 -1750 -1250 -3900 -1650.66 1034.93 -3900 -1750 -1250 -3700 1797.87 -1200 -3700 1699.03 1073.49 -3700 1650.66 1034.93 -3700 0 1540.72 -3700 0 1488.86 -3700 -1650.66 1034.93 -3700 -1699.03 1073.49 -3700 -1797.87 -1200 -3700 -1750 -1250 -3700 -1850 -1200 -3700 -1900 -1250 -3700 -1850 -420 -3700 -1900 -370 -3700 -1830 -370 -3700 -1780 -420 -3700 -1780 -250 -3700 -1830 -300 -3700 -1850 -250 -3700 -1900 -300 -3700 -1850 300 -3700 -1900 350 -3700 -1830 350 -3700 -1780 300 -3700 -1780 470 -3700 -1830 420 -3700 -1850 470 -3700 -1900 420 -3700 -1900 1173.79 -3700 -1850 1135.68 -3700 0 1696.29 -3700 0 1644.43 -3700 1850 1135.68 -3700 1900 1173.79 -3700 1850 470 -3700 1900 420 -3700 1830 420 -3700 1780 470 -3700 1780 300 -3700 1830 350 -3700 1850 300 -3700 1900 350 -3700 1850 -250 -3700 1900 -300 -3700 1830 -300 -3700 1780 -250 -3700 1780 -420 -3700 1830 -370 -3700 1850 -420 -3700 1900 -370 -3700 1850 -1200 -3700 1900 -1250 -3700 1750 -1250 </float_array>
					<technique_common>
						<accessor count="280" source="#geo_4-Position-array" stride="3">
							<param name="X" type="float"/>
							<param name="Y" type="float"/>
							<param name="Z" type="float"/>
						</accessor>
					</technique_common>
				</source>
				<source id="geo_4-Normals">
					<float_array count="840" id="geo_4-Normals-array">1 0 0 1 0 0 1 0 0 1 0 0 1 0 0 1 0 0 1 0 0 1 0 0 1 0 0 1 0 0 1 0 0 1 0 0 1 0 0 1 0 0 1 0 0 1 0 0 1 0 0 1 0 0 1 0 0 1 0 0 1 0 0 1 0 0 1 0 0 1 0 0 1 0 0 1 0 0 1 0 0 1 0 0 1 0 0 1 0 0 1 0 0 1 0 0 1 0 0 1 0 0 1 0 0 1 0 0 1 0 0 1 0 0 1 0 0 1 0 0 1 0 0 1 0 0 1 0 0 1 0 0 1 0 0 1 0 0 1 0 0 1 0 0 1 0 0 1 0 0 1 0 0 1 0 0 1 0 0 1 0 0 1 0 0 1 0 0 1 0 0 1 0 0 0 0.999056 -0.0434372 0 0.999056 -0.0434372 0 0.999056 -0.0434372 0 0.999056 -0.0434372 0 0.999056 -0.0434372 0 0.999056 -0.0434372 0 0.999056 -0.0434372 0 0.999056 -0.0434372 1 0 0 1 0 0 1 0 0 1 0 0 1 0 0 1 0 0 1 0 0 1 0 0 1 0 0 1 0 0 1 0 0 1 0 0 1 0 0 1 0 0 1 0 0 1 0 0 1 0 0 1 0 0 1 0 0 1 0 0 1 0 0 1 0 0 1 0 0 1 0 0 1 0 0 1 0 0 0 -0.265156 -0.964205 0 -0.265156 -0.964205 0 -0.265156 -0.964205 0 -0.265156 -0.964205 0 0.265156 -0.964205 0 0.265156 -0.964205 0 0.265156 -0.964205 0 0.265156 -0.964205 -1 0 0 -1 0 0 -1 0 0 -1 0 0 -1 0 0 -1 0 0 -1 0 0 -1 0 0 -1 0 0 -1 0 0 -1 0 0 -1 0 0 -1 0 0 -1 0 0 -1 0 0 -1 0 0 -1 0 0 -1 0 0 -1 0 0 -1 0 0 -1 0 0 -1 0 0 -1 0 0 -1 0 0 -1 0 0 -1 0 0 1 0 0 1 0 0 1 0 0 1 0 0 1 0 0 1 0 0 1 0 0 1 0 0 1 0 0 1 0 0 1 0 0 1 0 0 1 0 0 1 0 0 1 0 0 1 0 0 1 0 0 1 0 0 1 0 0 1 0 0 1 0 0 1 0 0 1 0 0 1 0 0 1 0 0 1 0 0 0 -0.265156 -0.964205 0 -0.265156 -0.964205 0 -0.265156 -0.964205 0 -0.265156 -0.964205 0 0.265156 -0.964205 0 0.265156 -0.964205 0 0.265156 -0.964205 0 0.265156 -0.964205 0 -0.999056 -0.0434372 0 -0.999056 -0.0434372 0 -0.999056 -0.0434372 0 -0.999056 -0.0434372 0 -0.999056 -0.0434372 0 -0.999056 -0.0434372 0 -0.999056 -0.0434372 0 -0.999056 -0.0434372 0 -0.999056 -0.0434372 0 -0.999056 -0.0434372 0 -0.999056 -0.0434372 0 -0.999056 -0.0434372 -1 0 0 -1 0 0 -1 0 0 -1 0 0 -1 0 0 -1 0 0 -1 0 0 -1 0 0 -1 0 0 -1 0 0 -1 0 0 -1 0 0 -1 0 0 -1 0 0 -1 0 0 -1 0 0 -1 0 0 -1 0 0 -1 0 0 -1 0 0 -1 0 0 -1 0 0 -1 0 0 -1 0 0 -1 0 0 -1 0 0 -1 0 0 -1 0 0 -1 0 0 -1 0 0 -1 0 0 -1 0 0 -1 0 0 -1 0 0 -1 0 0 -1 0 0 -1 0 0 -1 0 0 -1 0 0 -1 0 0 -1 0 0 -1 0 0 -1 0 0 -1 0 0 -1 0 0 -1 0 0 -1 0 0 -1 0 0 -1 0 0 -1 0 0 -1 0 0 -1 0 0 0 0.999056 -0.0434372 0 0.999056 -0.0434372 0 0.999056 -0.0434372 0 0.999056 -0.0434372 1 0 0 1 0 0 1 0 0 1 0 0 1 0 0 1 0 0 1 0 0 1 0 0 1 0 0 1 0 0 1 0 0 1 0 0 1 0 0 1 0 0 1 0 0 1 0 0 1 0 0 1 0 0 1 0 0 1 0 0 1 0 0 1 0 0 1 0 0 1 0 0 1 0 0 1 0 0 1 0 0 1 0 0 1 0 0 1 0 0 1 0 0 1 0 0 1 0 0 1 0 0 1 0 0 1 0 0 1 0 0 1 0 0 1 0 0 1 0 0 1 0 0 1 0 0 1 0 0 1 0 0 1 0 0 1 0 0 1 0 0 1 0 0 1 0 0 1 0 0 1 0 0 1 0 0 </float_array>
					<technique_common>
						<accessor count="280" source="#geo_4-Normals-array" stride="3">
							<param name="X" type="float"/>
							<param name="Y" type="float"/>
							<param name="Z" type="float"/>
						</accessor>
					</technique_common>
				</source>
				<vertices id="geo_4-Vertex">
					<input semantic="POSITION" source="#geo_4-Position"/>
				</vertices>
				<triangles count="258" material="Pintura_-_Metalizada_(Vermelho)">
					<input offset="0" semantic="VERTEX" source="#geo_4-Vertex"/>
					<input offset="1" semantic="NORMAL"  source="#geo_4-Normals"/>
					<p>0 0 1 1 2 2 2 2 1 1 3 3 2 2 3 3 4 4 1 1 0 0 5 5 5 5 0 0 6 6 5 5 6 6 7 7 7 7 6 6 8 8 8 8 6 6 9 9 8 8 9 9 10 10 10 10 9 9 11 11 10 10 11 11 12 12 12 12 11 11 13 13 13 13 11 11 14 14 13 13 14 14 15 15 15 15 14 14 16 16 15 15 16 16 17 17 17 17 16 16 18 18 18 18 16 16 19 19 18 18 19 19 20 20 18 18 20 20 21 21 21 21 20 20 22 22 21 21 22 22 23 23 23 23 22 22 24 24 23 23 24 24 25 25 25 25 24 24 26 26 26 26 24 24 27 27 26 26 27 27 28 28 26 26 28 28 29 29 29 29 28 28 30 30 29 29 30 30 31 31 31 31 30 30 32 32 32 32 30 30 33 33 32 32 33 33 34 34 34 34 33 33 35 35 34 34 35 35 36 36 34 34 36 36 37 37 37 37 36 36 38 38 37 37 38 38 39 39 39 39 38 38 40 40 40 40 38 38 41 41 40 40 41 41 42 42 40 40 42 42 43 43 43 43 42 42 44 44 43 43 44 44 45 45 45 45 44 44 46 46 45 45 46 46 47 47 47 47 46 46 48 48 48 48 46 46 49 49 48 48 49 49 50 50 48 48 50 50 51 51 51 51 50 50 52 52 51 51 52 52 53 53 53 53 52 52 54 54 53 53 54 54 55 55 55 55 54 54 4 4 4 4 54 54 2 2 56 56 1 1 5 5 10 10 57 57 8 8 58 58 59 59 60 60 60 60 59 59 61 61 61 61 59 59 62 62 61 61 62 62 63 63 63 63 62 62 64 64 64 64 62 62 65 65 66 66 67 67 68 68 68 68 67 67 69 69 68 68 69 69 70 70 66 66 71 71 67 67 67 67 71 71 72 72 72 72 71 71 73 73 73 73 71 71 74 74 74 74 71 71 75 75 75 75 71 71 76 76 75 75 76 76 77 77 77 77 76 76 78 78 76 76 71 71 79 79 79 79 71 71 80 80 79 79 80 80 81 81 81 81 80 80 82 82 70 70 83 83 68 68 68 68 83 83 84 84 68 68 84 84 85 85 85 85 84 84 86 86 86 86 84 84 87 87 85 85 88 88 68 68 68 68 88 88 89 89 89 89 88 88 90 90 89 89 90 90 91 91 92 92 93 93 94 94 94 94 93 93 95 95 96 96 97 97 98 98 98 98 97 97 99 99 100 100 101 101 102 102 102 102 101 101 103 103 102 102 103 103 104 104 100 100 105 105 101 101 101 101 105 105 106 106 106 106 105 105 107 107 107 107 105 105 108 108 108 108 105 105 109 109 109 109 105 105 110 110 109 109 110 110 111 111 111 111 110 110 112 112 110 110 105 105 113 113 113 113 105 105 114 114 113 113 114 114 115 115 115 115 114 114 116 116 104 104 117 117 102 102 102 102 117 117 118 118 102 102 118 118 119 119 119 119 118 118 120 120 120 120 118 118 121 121 119 119 122 122 102 102 102 102 122 122 123 123 123 123 122 122 124 124 123 123 124 124 125 125 126 126 127 127 128 128 128 128 127 127 129 129 128 128 129 129 130 130 130 130 129 129 131 131 131 131 129 129 132 132 132 132 129 129 133 133 133 133 129 129 134 134 133 133 134 134 135 135 135 135 134 134 136 136 134 134 129 129 137 137 137 137 129 129 138 138 137 137 138 138 139 139 139 139 138 138 140 140 128 128 141 141 126 126 126 126 141 141 142 142 126 126 142 142 143 143 143 143 144 144 126 126 126 126 144 144 145 145 126 126 145 145 146 146 147 147 148 148 144 144 144 144 148 148 145 145 126 126 146 146 149 149 149 149 146 146 150 150 149 149 150 150 151 151 152 152 153 153 154 154 154 154 153 153 155 155 156 156 157 157 158 158 158 158 157 157 159 159 160 160 161 161 162 162 162 162 161 161 163 163 162 162 163 163 164 164 164 164 163 163 165 165 164 164 165 165 166 166 166 166 167 167 164 164 168 168 169 169 170 170 170 170 169 169 171 171 172 172 173 173 174 174 174 174 173 173 175 175 174 174 175 175 176 176 176 176 175 175 177 177 176 176 177 177 178 178 178 178 177 177 179 179 178 178 179 179 180 180 180 180 179 179 181 181 181 181 179 179 182 182 181 181 182 182 183 183 181 181 183 183 184 184 184 184 183 183 185 185 184 184 185 185 186 186 186 186 185 185 187 187 186 186 187 187 188 188 188 188 187 187 189 189 189 189 187 187 190 190 189 189 190 190 191 191 189 189 191 191 192 192 192 192 191 191 193 193 192 192 193 193 194 194 194 194 193 193 195 195 195 195 193 193 196 196 195 195 196 196 197 197 197 197 196 196 198 198 197 197 198 198 199 199 197 197 199 199 200 200 200 200 199 199 201 201 200 200 201 201 202 202 202 202 201 201 203 203 203 203 201 201 204 204 203 203 204 204 205 205 203 203 205 205 206 206 206 206 205 205 207 207 206 206 207 207 208 208 208 208 207 207 209 209 208 208 209 209 210 210 210 210 209 209 211 211 211 211 209 209 212 212 211 211 212 212 213 213 211 211 213 213 214 214 214 214 213 213 215 215 214 214 215 215 216 216 216 216 215 215 217 217 216 216 217 217 218 218 218 218 217 217 219 219 219 219 217 217 220 220 219 219 220 220 221 221 221 221 220 220 222 222 221 221 222 222 172 172 174 174 223 223 172 172 172 172 223 223 221 221 224 224 225 225 226 226 226 226 225 225 227 227 228 228 229 229 230 230 230 230 229 229 231 231 230 230 231 231 232 232 232 232 231 231 233 233 233 233 231 231 234 234 233 233 234 234 235 235 233 233 235 235 236 236 236 236 235 235 237 237 236 236 237 237 238 238 238 238 237 237 239 239 238 238 239 239 240 240 240 240 239 239 241 241 241 241 239 239 242 242 241 241 242 242 243 243 241 241 243 243 244 244 244 244 243 243 245 245 244 244 245 245 246 246 246 246 245 245 247 247 246 246 247 247 248 248 248 248 247 247 249 249 249 249 247 247 250 250 249 249 250 250 251 251 249 249 251 251 252 252 252 252 251 251 253 253 252 252 253 253 254 254 254 254 253 253 255 255 255 255 253 253 256 256 255 255 256 256 257 257 257 257 256 256 258 258 257 257 258 258 259 259 257 257 259 259 260 260 260 260 259 259 261 261 260 260 261 261 262 262 262 262 261 261 263 263 263 263 261 261 264 264 263 263 264 264 265 265 263 263 265 265 266 266 266 266 265 265 267 267 266 266 267 267 268 268 268 268 267 267 269 269 268 268 269 269 270 270 270 270 269 269 271 271 271 271 269 269 272 272 271 271 272 272 273 273 271 271 273 273 274 274 274 274 273 273 275 275 274 274 275 275 276 276 276 276 275 275 277 277 276 276 277 277 278 278 278 278 277 277 279 279 279 279 277 277 228 228 279 279 228 228 230 230 </p>
				</triangles>
			</mesh>
		</geometry>
		<geometry id="ID20" name="geo_5">
			<mesh>
				<source id="geo_5-Position">
					<float_array count="1080" id="geo_5-Position-array">4000 1876.2 1283.04 4000 1876.2 -1250 4000 2000 1248.93 4000 2000 -1250 4000 1871.2 -1250 4000 1871.2 1284.42 4000 1700 500 4000 1690.53 1334.2 4000 1690.53 500 4000 1700 -1250 4000 1504.86 1385.36 4000 1504.86 500 4000 1685.53 1335.57 4000 1685.53 500 4000 1319.19 1436.51 4000 1319.19 500 4000 1499.86 1386.73 4000 1499.86 500 4000 1133.52 1487.67 4000 1133.52 500 4000 1314.19 1437.89 4000 1314.19 500 4000 947.849 1538.83 4000 947.849 500 4000 1128.52 1489.05 4000 1128.52 500 4000 762.178 1589.99 4000 762.178 500 4000 942.849 1540.21 4000 942.849 500 4000 576.507 1641.15 4000 576.507 500 4000 757.178 1591.37 4000 757.178 500 4000 390.836 1692.31 4000 390.836 500 4000 571.507 1642.53 4000 571.507 500 4000 205.165 1743.47 4000 205.165 500 4000 385.836 1693.69 4000 385.836 500 4000 19.4942 1794.63 4000 19.4942 500 4000 200.165 1744.85 4000 200.165 500 4000 14.4942 1796.01 4000 0 1800 4000 14.4942 500 4000 -166.177 500 4000 -166.177 1754.3 -4000 97.5694 1773.12 -4000 97.5694 -1250 -4000 0 1800 -4000 -83.1015 -1250 -4000 -83.1015 1777.15 4000 -351.848 500 4000 -171.177 500 4000 -351.848 1703.24 4000 -171.177 1752.93 4000 -537.518 500 4000 -356.848 500 4000 -537.518 1652.18 4000 -356.848 1701.87 4000 -723.189 500 4000 -542.518 500 4000 -723.189 1601.12 4000 -542.518 1650.81 4000 -908.86 500 4000 -728.189 500 4000 -908.86 1550.06 4000 -728.189 1599.75 4000 -1094.53 500 4000 -913.86 500 4000 -1094.53 1499 4000 -913.86 1548.69 4000 -1280.2 500 4000 -1099.53 500 4000 -1280.2 1447.94 4000 -1099.53 1497.63 4000 -1465.87 500 4000 -1285.2 500 4000 -1465.87 1396.89 4000 -1285.2 1446.57 4000 -1470.87 1395.51 4000 -1700 1332.5 4000 -1470.87 500 4000 -1700 500 -4000 -1944.81 1265.18 -4000 -1944.81 -1250 -4000 -2000 1250 -4000 -2000 -1250 -4000 -1759.14 1316.24 -4000 -1759.14 -1250 -4000 -1939.81 1266.55 -4000 -1939.81 -1250 -4000 -1573.47 1367.3 -4000 -1573.47 -1250 -4000 -1754.14 1317.61 -4000 -1754.14 -1250 -4000 -1387.8 1418.36 -4000 -1387.8 -1250 -4000 -1568.47 1368.67 -4000 -1568.47 -1250 -4000 -1202.13 1469.42 -4000 -1202.13 -1250 -4000 -1382.8 1419.73 -4000 -1382.8 -1250 -4000 -1016.46 1520.47 -4000 -1016.46 -1250 -4000 -1197.13 1470.79 -4000 -1197.13 -1250 -4000 -830.785 1571.53 -4000 -830.785 -1250 -4000 -1011.46 1521.85 -4000 -1011.46 -1250 -4000 -645.114 1622.59 -4000 -645.114 -1250 -4000 -825.785 1572.91 -4000 -825.785 -1250 -4000 -459.443 1673.65 -4000 -459.443 -1250 -4000 -640.114 1623.97 -4000 -640.114 -1250 -4000 -273.772 1724.71 -4000 -273.772 -1250 -4000 -454.443 1675.03 -4000 -454.443 -1250 -4000 -88.1015 1775.77 -4000 -88.1015 -1250 -4000 -268.772 1726.09 -4000 -268.772 -1250 -4000 102.569 1771.74 -4000 283.24 1721.96 -4000 102.569 -1250 -4000 283.24 -1250 -4000 288.24 1720.58 -4000 468.911 1670.8 -4000 288.24 -1250 -4000 468.911 -1250 -4000 473.911 1669.42 -4000 654.582 1619.64 -4000 473.911 -1250 -4000 654.582 -1250 -4000 659.582 1618.26 -4000 840.253 1568.48 -4000 659.582 -1250 -4000 840.253 -1250 -4000 845.253 1567.1 -4000 1025.92 1517.32 -4000 845.253 -1250 -4000 1025.92 -1250 -4000 1030.92 1515.94 -4000 1211.59 1466.16 -4000 1030.92 -1250 -4000 1211.59 -1250 -4000 1216.59 1464.78 -4000 1397.27 1415 -4000 1216.59 -1250 -4000 1397.27 -1250 -4000 1402.27 1413.62 -4000 1582.94 1363.84 -4000 1402.27 -1250 -4000 1582.94 -1250 -4000 1587.94 1362.47 -4000 1768.61 1312.68 -4000 1587.94 -1250 -4000 1768.61 -1250 -4000 1959.28 1260.15 -4000 2000 1248.93 -4000 1959.28 -1250 -4000 2000 -1250 -4000 1773.61 1311.31 -4000 1954.28 1261.52 -4000 1773.61 -1250 -4000 1954.28 -1250 3928.66 -2000 1250 3928.66 -2000 -1250 4000 -2000 1250 4000 -2000 -1250 3742.99 -2000 1250 3742.99 -2000 -1250 3923.66 -2000 1250 3923.66 -2000 -1250 3557.32 -2000 1250 3557.32 -2000 -1250 3737.99 -2000 1250 3737.99 -2000 -1250 3371.65 -2000 1250 3371.65 -2000 -1250 3552.32 -2000 1250 3552.32 -2000 -1250 3185.97 -2000 1250 3185.97 -2000 -1250 3366.65 -2000 1250 3366.65 -2000 -1250 3000.3 -2000 1250 3000.3 -2000 -1250 3180.97 -2000 1250 3180.97 -2000 -1250 2814.63 -2000 1250 2814.63 -2000 -1250 2995.3 -2000 1250 2995.3 -2000 -1250 2628.96 -2000 1250 2628.96 -2000 -1250 2809.63 -2000 1250 2809.63 -2000 -1250 2443.29 -2000 1250 2443.29 -2000 -1250 2623.96 -2000 1250 2623.96 -2000 -1250 2257.62 -2000 1250 2257.62 -2000 -1250 2438.29 -2000 1250 2438.29 -2000 -1250 2071.95 -2000 1250 2071.95 -2000 -1250 2252.62 -2000 1250 2252.62 -2000 -1250 1886.28 -2000 1250 1886.28 -2000 -1250 2066.95 -2000 1250 2066.95 -2000 -1250 1700.61 -2000 1250 1700.61 -2000 -1250 1881.28 -2000 1250 1881.28 -2000 -1250 1514.94 -2000 1250 1514.94 -2000 -1250 1695.61 -2000 1250 1695.61 -2000 -1250 1329.27 -2000 1250 1329.27 -2000 -1250 1509.94 -2000 1250 1509.94 -2000 -1250 1143.59 -2000 1250 1143.59 -2000 -1250 1324.27 -2000 1250 1324.27 -2000 -1250 957.924 -2000 1250 957.924 -2000 -1250 1138.59 -2000 1250 1138.59 -2000 -1250 772.253 -2000 1250 772.253 -2000 -1250 952.924 -2000 1250 952.924 -2000 -1250 586.582 -2000 1250 586.582 -2000 -1250 767.253 -2000 1250 767.253 -2000 -1250 400.911 -2000 1250 400.911 -2000 -1250 581.582 -2000 1250 581.582 -2000 -1250 215.241 -2000 1250 215.241 -2000 -1250 395.911 -2000 1250 395.911 -2000 -1250 29.5697 -2000 1250 29.5697 -2000 -1250 210.241 -2000 1250 210.241 -2000 -1250 -156.101 -2000 1250 -156.101 -2000 -1250 24.5697 -2000 1250 24.5697 -2000 -1250 -341.772 -2000 1250 -341.772 -2000 -1250 -161.101 -2000 1250 -161.101 -2000 -1250 -527.443 -2000 1250 -527.443 -2000 -1250 -346.772 -2000 1250 -346.772 -2000 -1250 -713.114 -2000 1250 -713.114 -2000 -1250 -532.443 -2000 1250 -532.443 -2000 -1250 -898.785 -2000 1250 -898.785 -2000 -1250 -718.114 -2000 1250 -718.114 -2000 -1250 -1084.46 -2000 1250 -1084.46 -2000 -1250 -903.785 -2000 1250 -903.785 -2000 -1250 -1270.13 -2000 1250 -1270.13 -2000 -1250 -1089.46 -2000 1250 -1089.46 -2000 -1250 -1455.8 -2000 1250 -1455.8 -2000 -1250 -1275.13 -2000 1250 -1275.13 -2000 -1250 -1641.47 -2000 1250 -1641.47 -2000 -1250 -1460.8 -2000 1250 -1460.8 -2000 -1250 -1827.14 -2000 1250 -1827.14 -2000 -1250 -1646.47 -2000 1250 -1646.47 -2000 -1250 -2012.81 -2000 1250 -2012.81 -2000 -1250 -1832.14 -2000 1250 -1832.14 -2000 -1250 -2198.48 -2000 1250 -2198.48 -2000 -1250 -2017.81 -2000 1250 -2017.81 -2000 -1250 -2384.15 -2000 1250 -2384.15 -2000 -1250 -2203.48 -2000 1250 -2203.48 -2000 -1250 -2569.82 -2000 1250 -2569.82 -2000 -1250 -2389.15 -2000 1250 -2389.15 -2000 -1250 -2755.49 -2000 1250 -2755.49 -2000 -1250 -2574.82 -2000 1250 -2574.82 -2000 -1250 -2941.16 -2000 1250 -2941.16 -2000 -1250 -2760.49 -2000 1250 -2760.49 -2000 -1250 -3126.84 -2000 1250 -3126.84 -2000 -1250 -2946.16 -2000 1250 -2946.16 -2000 -1250 -3312.51 -2000 1250 -3312.51 -2000 -1250 -3131.84 -2000 1250 -3131.84 -2000 -1250 -3498.18 -2000 1250 -3498.18 -2000 -1250 -3317.51 -2000 1250 -3317.51 -2000 -1250 -3683.85 -2000 1250 -3683.85 -2000 -1250 -3503.18 -2000 1250 -3503.18 -2000 -1250 -3874.52 -2000 -1250 -3874.52 -2000 1250 -4000 -2000 -1250 -4000 -2000 1250 -3869.52 -2000 1250 -3869.52 -2000 -1250 -3688.85 -2000 1250 -3688.85 -2000 -1250 4000 -1890.67 1280.07 4000 -2000 1250 4000 -1890.67 -1250 4000 -2000 -1250 4000 -1885.67 -1250 4000 -1705 -1250 4000 -1885.67 1281.44 4000 -1705 1331.13 </float_array>
					<technique_common>
						<accessor count="360" source="#geo_5-Position-array" stride="3">
							<param name="X" type="float"/>
							<param name="Y" type="float"/>
							<param name="Z" type="float"/>
						</accessor>
					</technique_common>
				</source>
				<source id="geo_5-Normals">
					<float_array count="1080" id="geo_5-Normals-array">1 0 0 1 0 0 1 0 0 1 0 0 1 0 0 1 0 0 1 0 0 1 0 0 1 0 0 1 0 0 1 0 0 1 0 0 1 0 0 1 0 0 1 0 0 1 0 0 1 0 0 1 0 0 1 0 0 1 0 0 1 0 0 1 0 0 1 0 0 1 0 0 1 0 0 1 0 0 1 0 0 1 0 0 1 0 0 1 0 0 1 0 0 1 0 0 1 0 0 1 0 0 1 0 0 1 0 0 1 0 0 1 0 0 1 0 0 1 0 0 1 0 0 1 0 0 1 0 0 1 0 0 1 0 0 1 0 0 1 0 0 1 0 0 1 0 0 1 0 0 1 0 0 -1 0 0 -1 0 0 -1 0 0 -1 0 0 -1 0 0 1 0 0 1 0 0 1 0 0 1 0 0 1 0 0 1 0 0 1 0 0 1 0 0 1 0 0 1 0 0 1 0 0 1 0 0 1 0 0 1 0 0 1 0 0 1 0 0 1 0 0 1 0 0 1 0 0 1 0 0 1 0 0 1 0 0 1 0 0 1 0 0 1 0 0 1 0 0 1 0 0 1 0 0 1 0 0 1 0 0 1 0 0 1 0 0 -1 0 0 -1 0 0 -1 0 0 -1 0 0 -1 0 0 -1 0 0 -1 0 0 -1 0 0 -1 0 0 -1 0 0 -1 0 0 -1 0 0 -1 0 0 -1 0 0 -1 0 0 -1 0 0 -1 0 0 -1 0 0 -1 0 0 -1 0 0 -1 0 0 -1 0 0 -1 0 0 -1 0 0 -1 0 0 -1 0 0 -1 0 0 -1 0 0 -1 0 0 -1 0 0 -1 0 0 -1 0 0 -1 0 0 -1 0 0 -1 0 0 -1 0 0 -1 0 0 -1 0 0 -1 0 0 -1 0 0 -1 0 0 -1 0 0 -1 0 0 -1 0 0 -1 0 0 -1 0 0 -1 0 0 -1 0 0 -1 0 0 -1 0 0 -1 0 0 -1 0 0 -1 0 0 -1 0 0 -1 0 0 -1 0 0 -1 0 0 -1 0 0 -1 0 0 -1 0 0 -1 0 0 -1 0 0 -1 0 0 -1 0 0 -1 0 0 -1 0 0 -1 0 0 -1 0 0 -1 0 0 -1 0 0 -1 0 0 -1 0 0 -1 0 0 -1 0 0 -1 0 0 -1 0 0 -1 0 0 -1 0 0 -1 0 0 -1 0 0 -1 0 0 -1 0 0 -1 0 0 -1 0 0 -1 0 0 -1 0 0 -1 0 0 -1 0 0 0 -1 0 0 -1 0 0 -1 0 0 -1 0 0 -1 0 0 -1 0 0 -1 0 0 -1 0 0 -1 0 0 -1 0 0 -1 0 0 -1 0 0 -1 0 0 -1 0 0 -1 0 0 -1 0 0 -1 0 0 -1 0 0 -1 0 0 -1 0 0 -1 0 0 -1 0 0 -1 0 0 -1 0 0 -1 0 0 -1 0 0 -1 0 0 -1 0 0 -1 0 0 -1 0 0 -1 0 0 -1 0 0 -1 0 0 -1 0 0 -1 0 0 -1 0 0 -1 0 0 -1 0 0 -1 0 0 -1 0 0 -1 0 0 -1 0 0 -1 0 0 -1 0 0 -1 0 0 -1 0 0 -1 0 0 -1 0 0 -1 0 0 -1 0 0 -1 0 0 -1 0 0 -1 0 0 -1 0 0 -1 0 0 -1 0 0 -1 0 0 -1 0 0 -1 0 0 -1 0 0 -1 0 0 -1 0 0 -1 0 0 -1 0 0 -1 0 0 -1 0 0 -1 0 0 -1 0 0 -1 0 0 -1 0 0 -1 0 0 -1 0 0 -1 0 0 -1 0 0 -1 0 0 -1 0 0 -1 0 0 -1 0 0 -1 0 0 -1 0 0 -1 0 0 -1 0 0 -1 0 0 -1 0 0 -1 0 0 -1 0 0 -1 0 0 -1 0 0 -1 0 0 -1 0 0 -1 0 0 -1 0 0 -1 0 0 -1 0 0 -1 0 0 -1 0 0 -1 0 0 -1 0 0 -1 0 0 -1 0 0 -1 0 0 -1 0 0 -1 0 0 -1 0 0 -1 0 0 -1 0 0 -1 0 0 -1 0 0 -1 0 0 -1 0 0 -1 0 0 -1 0 0 -1 0 0 -1 0 0 -1 0 0 -1 0 0 -1 0 0 -1 0 0 -1 0 0 -1 0 0 -1 0 0 -1 0 0 -1 0 0 -1 0 0 -1 0 0 -1 0 0 -1 0 0 -1 0 0 -1 0 0 -1 0 0 -1 0 0 -1 0 0 -1 0 0 -1 0 0 -1 0 0 -1 0 0 -1 0 0 -1 0 0 -1 0 0 -1 0 0 -1 0 0 -1 0 0 -1 0 0 -1 0 0 -1 0 0 -1 0 0 -1 0 0 -1 0 0 -1 0 0 -1 0 0 -1 0 0 -1 0 0 -1 0 0 -1 0 0 -1 0 0 -1 0 0 -1 0 0 -1 0 0 -1 0 0 -1 0 0 -1 0 0 -1 0 0 -1 0 0 -1 0 0 -1 0 0 -1 0 0 -1 0 0 -1 0 0 -1 0 0 -1 0 0 -1 0 0 -1 0 0 -1 0 0 -1 0 0 -1 0 0 -1 0 1 0 0 1 0 0 1 0 0 1 0 0 1 0 0 1 0 0 1 0 0 1 0 0 </float_array>
					<technique_common>
						<accessor count="360" source="#geo_5-Normals-array" stride="3">
							<param name="X" type="float"/>
							<param name="Y" type="float"/>
							<param name="Z" type="float"/>
						</accessor>
					</technique_common>
				</source>
				<vertices id="geo_5-Vertex">
					<input semantic="POSITION" source="#geo_5-Position"/>
				</vertices>
				<triangles count="182" material="A&#xE7;o_inoxid&#xE1;vel_-_Escovado_linear_longo">
					<input offset="0" semantic="VERTEX" source="#geo_5-Vertex"/>
					<input offset="1" semantic="NORMAL"  source="#geo_5-Normals"/>
					<p>0 0 1 1 2 2 2 2 1 1 3 3 4 4 5 5 6 6 6 6 5 5 7 7 6 6 7 7 8 8 6 6 9 9 4 4 10 10 11 11 12 12 12 12 11 11 13 13 14 14 15 15 16 16 16 16 15 15 17 17 18 18 19 19 20 20 20 20 19 19 21 21 22 22 23 23 24 24 24 24 23 23 25 25 26 26 27 27 28 28 28 28 27 27 29 29 30 30 31 31 32 32 32 32 31 31 33 33 34 34 35 35 36 36 36 36 35 35 37 37 38 38 39 39 40 40 40 40 39 39 41 41 42 42 43 43 44 44 44 44 43 43 45 45 46 46 47 47 48 48 48 48 47 47 49 49 49 49 47 47 50 50 51 51 52 52 53 53 53 53 52 52 54 54 53 53 54 54 55 55 56 56 57 57 58 58 58 58 57 57 59 59 60 60 61 61 62 62 62 62 61 61 63 63 64 64 65 65 66 66 66 66 65 65 67 67 68 68 69 69 70 70 70 70 69 69 71 71 72 72 73 73 74 74 74 74 73 73 75 75 76 76 77 77 78 78 78 78 77 77 79 79 80 80 81 81 82 82 82 82 81 81 83 83 84 84 85 85 86 86 86 86 85 85 87 87 88 88 89 89 90 90 90 90 89 89 91 91 92 92 93 93 94 94 94 94 93 93 95 95 96 96 97 97 98 98 98 98 97 97 99 99 100 100 101 101 102 102 102 102 101 101 103 103 104 104 105 105 106 106 106 106 105 105 107 107 108 108 109 109 110 110 110 110 109 109 111 111 112 112 113 113 114 114 114 114 113 113 115 115 116 116 117 117 118 118 118 118 117 117 119 119 120 120 121 121 122 122 122 122 121 121 123 123 124 124 125 125 126 126 126 126 125 125 127 127 128 128 129 129 130 130 130 130 129 129 131 131 132 132 133 133 134 134 134 134 133 133 135 135 136 136 137 137 138 138 138 138 137 137 139 139 140 140 141 141 142 142 142 142 141 141 143 143 144 144 145 145 146 146 146 146 145 145 147 147 148 148 149 149 150 150 150 150 149 149 151 151 152 152 153 153 154 154 154 154 153 153 155 155 156 156 157 157 158 158 158 158 157 157 159 159 160 160 161 161 162 162 162 162 161 161 163 163 164 164 165 165 166 166 166 166 165 165 167 167 168 168 169 169 170 170 170 170 169 169 171 171 172 172 173 173 174 174 174 174 173 173 175 175 176 176 177 177 178 178 178 178 177 177 179 179 180 180 181 181 182 182 182 182 181 181 183 183 184 184 185 185 186 186 186 186 185 185 187 187 188 188 189 189 190 190 190 190 189 189 191 191 192 192 193 193 194 194 194 194 193 193 195 195 196 196 197 197 198 198 198 198 197 197 199 199 200 200 201 201 202 202 202 202 201 201 203 203 204 204 205 205 206 206 206 206 205 205 207 207 208 208 209 209 210 210 210 210 209 209 211 211 212 212 213 213 214 214 214 214 213 213 215 215 216 216 217 217 218 218 218 218 217 217 219 219 220 220 221 221 222 222 222 222 221 221 223 223 224 224 225 225 226 226 226 226 225 225 227 227 228 228 229 229 230 230 230 230 229 229 231 231 232 232 233 233 234 234 234 234 233 233 235 235 236 236 237 237 238 238 238 238 237 237 239 239 240 240 241 241 242 242 242 242 241 241 243 243 244 244 245 245 246 246 246 246 245 245 247 247 248 248 249 249 250 250 250 250 249 249 251 251 252 252 253 253 254 254 254 254 253 253 255 255 256 256 257 257 258 258 258 258 257 257 259 259 260 260 261 261 262 262 262 262 261 261 263 263 264 264 265 265 266 266 266 266 265 265 267 267 268 268 269 269 270 270 270 270 269 269 271 271 272 272 273 273 274 274 274 274 273 273 275 275 276 276 277 277 278 278 278 278 277 277 279 279 280 280 281 281 282 282 282 282 281 281 283 283 284 284 285 285 286 286 286 286 285 285 287 287 288 288 289 289 290 290 290 290 289 289 291 291 292 292 293 293 294 294 294 294 293 293 295 295 296 296 297 297 298 298 298 298 297 297 299 299 300 300 301 301 302 302 302 302 301 301 303 303 304 304 305 305 306 306 306 306 305 305 307 307 308 308 309 309 310 310 310 310 309 309 311 311 312 312 313 313 314 314 314 314 313 313 315 315 316 316 317 317 318 318 318 318 317 317 319 319 320 320 321 321 322 322 322 322 321 321 323 323 324 324 325 325 326 326 326 326 325 325 327 327 328 328 329 329 330 330 330 330 329 329 331 331 332 332 333 333 334 334 334 334 333 333 335 335 336 336 337 337 338 338 338 338 337 337 339 339 340 340 341 341 342 342 342 342 341 341 343 343 344 344 345 345 346 346 346 346 345 345 347 347 348 348 349 349 350 350 350 350 349 349 351 351 352 352 353 353 354 354 354 354 353 353 355 355 356 356 357 357 358 358 358 358 357 357 359 359 </p>
				</triangles>
			</mesh>
		</geometry>
	</library_geometries>
	<library_materials>
		<material id="ID9" name="A&#xE7;o_-_Acetinado">
			<instance_effect url="#ID22"/>
		</material>
		<material id="ID12" name="Revestimento_-_Bruto_(Branco)">
			<instance_effect url="#ID23"/>
		</material>
		<material id="ID18" name="Pintura_-_Metalizada_(Vermelho)">
			<instance_effect url="#ID24"/>
		</material>
		<material id="ID21" name="A&#xE7;o_inoxid&#xE1;vel_-_Escovado_linear_longo">
			<instance_effect url="#ID25"/>
		</material>
		<material id="ID6" name="Revestimento_(Azul)">
			<instance_effect url="#ID26"/>
		</material>
		<material id="ID15" name="Bambu_escuro_-_Semibrilhante">
			<instance_effect url="#ID27"/>
		</material>
	</library_materials>
	<library_effects>
		<effect id="ID22">
			<profile_COMMON>
				<technique sid="standard">
					<phong>
						<emission><color>0 0 0 1</color></emission>
						<ambient><color>0 0 0 1</color></ambient>
						<diffuse>
							<color>0.55 0.55 0.60 1</color>
						</diffuse>
						<specular><color>0.80 0.80 0.80 1</color></specular>
						<transparent opaque="A_ONE"><color>1.0 1.0 1.0 1.0</color></transparent>
						<transparency><float>1</float></transparency>
					</phong>
				</technique>
			</profile_COMMON>
		</effect>
		<effect id="ID23">
			<profile_COMMON>
				<technique sid="standard">
					<phong>
						<emission><color>0 0 0 1</color></emission>
						<ambient><color>0 0 0 1</color></ambient>
						<diffuse>
							<color>0.93 0.93 0.93 1</color>
						</diffuse>
						<specular><color>0.30 0.30 0.30 1</color></specular>
						<transparent opaque="A_ONE"><color>1.0 1.0 1.0 1.0</color></transparent>
						<transparency><float>1</float></transparency>
					</phong>
				</technique>
			</profile_COMMON>
		</effect>
		<effect id="ID24">
			<profile_COMMON>
				<technique sid="standard">
					<phong>
						<emission><color>0 0 0 1</color></emission>
						<ambient><color>0 0 0 1</color></ambient>
						<diffuse>
							<color>0.70 0.05 0.05 1</color>
						</diffuse>
						<specular><color>0.80 0.30 0.30 1</color></specular>
						<transparent opaque="A_ONE"><color>1.0 1.0 1.0 1.0</color></transparent>
						<transparency><float>1</float></transparency>
					</phong>
				</technique>
			</profile_COMMON>
		</effect>
		<effect id="ID25">
			<profile_COMMON>
				<technique sid="standard">
					<phong>
						<emission><color>0 0 0 1</color></emission>
						<ambient><color>0 0 0 1</color></ambient>
						<diffuse>
							<color>0.78 0.78 0.82 1</color>
						</diffuse>
						<specular><color>0.90 0.90 0.90 1</color></specular>
						<transparent opaque="A_ONE"><color>1.0 1.0 1.0 1.0</color></transparent>
						<transparency><float>1</float></transparency>
					</phong>
				</technique>
			</profile_COMMON>
		</effect>
		<effect id="ID26">
			<profile_COMMON>
				<technique sid="standard">
					<phong>
						<emission><color>0 0 0 1</color></emission>
						<ambient><color>0 0 0 1</color></ambient>
						<diffuse>
							<color>0.10 0.30 0.75 1</color>
						</diffuse>
						<specular><color>0.20 0.40 0.80 1</color></specular>
						<transparent opaque="A_ONE"><color>1.0 1.0 1.0 1.0</color></transparent>
						<transparency><float>1</float></transparency>
					</phong>
				</technique>
			</profile_COMMON>
		</effect>
		<effect id="ID27">
			<profile_COMMON>
				<technique sid="standard">
					<phong>
						<emission><color>0 0 0 1</color></emission>
						<ambient><color>0 0 0 1</color></ambient>
						<diffuse>
							<color>0.28 0.18 0.08 1</color>
						</diffuse>
						<specular><color>0.15 0.10 0.05 1</color></specular>
						<transparent opaque="A_ONE"><color>1.0 1.0 1.0 1.0</color></transparent>
						<transparency><float>1</float></transparency>
					</phong>
				</technique>
			</profile_COMMON>
		</effect>
	</library_effects>
	<scene>
		<instance_visual_scene url="#Scene"/>
	</scene>
</COLLADA>
